amount,hour,category,distance_from_home_km,txns_last_24h,is_foreign,card_present,fraud_probability,actual_fraud
46.24,15,fuel,11.8,4,0,1,0.1259,0
82.73,15,grocery,2.9,0,0,1,0.0822,0
27.31,18,grocery,6.6,2,0,0,0.1172,0
530.2,3,travel,54.7,5,1,0,0.9701,0
36.61,21,restaurant,6.7,1,0,0,0.1245,0
90.8,15,restaurant,1.3,1,0,1,0.0815,0
317.28,0,online_retail,17.2,9,0,0,0.9692,1
203.55,12,atm,131.1,5,0,0,0.9682,1
25.39,22,electronics,7.6,4,0,1,0.1507,0
23.72,18,atm,2.9,2,0,0,0.1372,0
38.08,15,online_retail,7.6,2,0,1,0.1353,0
4.56,18,restaurant,6.4,1,0,1,0.3319,0
64.99,17,grocery,1.8,2,0,1,0.0989,0
39.82,8,electronics,3.2,1,0,0,0.3454,0
13.25,15,atm,17.5,0,0,1,0.104,0
9.69,8,online_retail,21.7,0,0,1,0.1307,0
423.99,15,atm,277.2,6,1,0,0.9682,1
33.34,16,online_retail,18.7,0,0,1,0.092,0
5.35,19,atm,24.6,2,0,1,0.1005,0
37.46,7,grocery,4.5,2,0,1,0.1158,0
245.8,9,online_retail,18.6,1,0,1,0.0758,0
15.94,7,restaurant,1.1,0,0,0,0.1462,0
575.63,4,jewelry,153.3,12,0,0,0.9693,1
76.19,17,restaurant,10.4,1,0,1,0.1011,0
10.21,15,restaurant,4.7,0,0,1,0.0765,0
19.16,11,grocery,10.0,1,0,1,0.1058,0
260.37,14,grocery,11.0,2,0,1,0.0802,0
9.39,13,grocery,8.0,0,0,0,0.0664,0
95.13,21,atm,10.1,1,0,1,0.088,0
107.55,21,atm,21.3,2,0,0,0.0882,0
47.27,14,restaurant,7.8,0,0,1,0.0961,0
13.87,11,online_retail,5.5,6,0,1,0.2779,0
6.66,22,atm,0.1,0,0,0,0.0853,0
19.64,10,grocery,20.6,1,0,1,0.099,0
23.03,14,fuel,10.0,2,0,1,0.0941,0
147.56,11,grocery,6.6,6,0,1,0.2389,0
11.52,10,travel,4.8,1,0,1,0.0815,0
660.95,12,jewelry,11.5,7,0,0,0.9078,1
372.58,18,travel,21.9,2,0,1,0.6343,0
33.12,22,atm,2.8,0,0,1,0.0592,0
30.87,14,restaurant,8.8,3,0,1,0.0991,0
30.79,14,grocery,37.5,2,0,0,0.2127,0
66.17,9,atm,8.3,0,0,1,0.0977,0
17.79,14,grocery,14.4,0,0,1,0.1083,0
46.49,19,online_retail,0.3,2,0,1,0.0652,0
11.83,14,travel,11.3,2,0,1,0.0825,0
36.14,20,restaurant,5.5,4,0,0,0.0997,0
14.8,20,atm,15.4,0,0,0,0.1141,0
23.33,8,fuel,5.1,1,0,1,0.1724,0
167.1,20,fuel,12.0,5,0,1,0.2709,0
12.68,8,grocery,7.8,0,0,0,0.2262,0
96.24,9,online_retail,1.4,3,0,1,0.1195,0
14.97,12,fuel,0.9,1,0,1,0.0944,0
50.53,17,grocery,7.6,1,0,1,0.0856,0
192.49,9,fuel,22.4,2,0,1,0.0464,0
40.73,8,fuel,17.0,0,0,1,0.138,0
18.96,19,electronics,8.5,0,0,1,0.1132,0
125.83,18,restaurant,12.6,1,0,1,0.1436,0
205.14,14,grocery,2.4,2,0,1,0.0853,0
11.18,10,grocery,14.7,1,0,1,0.0784,0
19.54,10,online_retail,13.4,0,0,0,0.0685,1
170.23,7,travel,1.2,2,0,1,0.083,0
81.19,8,atm,0.4,0,0,1,0.0631,0
30.8,16,grocery,22.9,0,0,1,0.1458,0
7.61,11,fuel,32.7,2,0,0,0.0787,0
35.27,16,grocery,23.3,1,0,1,0.1347,0
82.12,8,fuel,18.5,2,0,0,0.0506,0
224.99,22,travel,36.4,7,0,0,0.9187,1
19.85,21,grocery,33.2,1,0,0,0.0488,0
21.54,18,online_retail,2.5,1,0,1,0.1048,0
28.32,17,electronics,6.0,7,0,1,0.7131,0
24.17,12,fuel,9.2,0,0,1,0.0933,0
130.76,12,travel,23.9,3,0,1,0.0905,0
8.49,9,atm,0.0,2,0,1,0.0746,0
18.73,10,restaurant,10.1,3,0,1,0.0729,0
576.23,0,electronics,19.3,8,0,0,0.9692,1
28.93,14,fuel,5.9,1,0,0,0.1225,0
6.87,14,grocery,9.6,2,0,1,0.0977,0
44.24,15,grocery,1.6,3,0,1,0.1006,0
107.56,17,grocery,1.8,2,0,1,0.0846,0
60.09,20,online_retail,18.6,2,0,1,0.1057,0
7.09,13,grocery,14.3,0,1,1,0.1015,0
260.89,15,online_retail,9.3,1,0,1,0.0757,0
88.16,16,online_retail,0.3,3,0,1,0.0564,0
10.64,22,fuel,11.8,0,0,0,0.0513,0
72.76,14,electronics,13.1,1,0,1,0.0814,0
30.45,19,grocery,2.8,3,1,1,0.0961,0
45.36,10,restaurant,12.8,1,0,1,0.0683,0
32.55,20,electronics,10.2,2,0,0,0.1497,0
131.01,13,grocery,18.6,3,0,0,0.0863,0
39.2,19,travel,15.2,1,0,1,0.1249,0
8.89,21,grocery,13.6,2,1,1,0.1727,0
71.3,8,grocery,47.7,1,0,1,0.0193,0
12.89,11,grocery,23.9,1,0,1,0.1138,0
46.08,11,electronics,6.0,0,0,1,0.1054,0
24.66,14,grocery,25.3,1,0,1,0.1269,0
10.09,7,restaurant,2.4,0,0,0,0.1062,0
33.24,13,atm,15.2,2,0,1,0.0895,0
35.11,21,restaurant,1.6,0,0,1,0.0867,0
89.78,20,electronics,7.5,0,0,1,0.0926,0
31.48,10,travel,19.5,2,0,0,0.0739,0
10.12,22,grocery,13.2,0,0,1,0.0511,0
123.54,0,electronics,27.4,4,0,0,0.9731,1
10.36,9,grocery,9.2,2,0,1,0.0748,0
115.45,10,grocery,0.3,3,0,0,0.0398,0
12.78,18,restaurant,5.3,1,0,1,0.0994,0
65.87,11,restaurant,4.4,2,0,0,0.2246,0
9.79,9,restaurant,1.2,3,0,0,0.2178,0
70.14,14,online_retail,10.5,2,0,0,0.0936,0
255.95,21,grocery,9.9,3,0,0,0.1204,0
78.13,10,grocery,0.0,1,0,1,0.0588,0
47.6,21,online_retail,7.0,0,0,1,0.1769,0
283.3,18,restaurant,12.2,3,0,1,0.1261,0
15.79,12,atm,11.8,0,0,1,0.0915,0
94.08,10,grocery,15.0,2,0,1,0.0488,0
59.4,9,grocery,0.6,1,1,1,0.1767,0
55.22,20,grocery,21.2,1,0,1,0.0893,0
381.25,11,grocery,49.2,1,0,1,0.244,0
13.88,7,fuel,6.1,4,0,0,0.1181,0
143.74,7,fuel,4.6,3,0,1,0.103,0
23.21,12,online_retail,27.3,2,0,0,0.1135,0
809.32,4,travel,31.0,7,0,0,0.9692,1
202.16,16,grocery,25.1,2,0,1,0.1032,0
308.73,19,restaurant,14.8,2,0,1,0.1022,0
34.14,9,online_retail,5.5,0,0,0,0.1603,0
61.4,10,grocery,6.3,0,0,0,0.0682,0
46.81,15,online_retail,678.9,8,0,0,0.9674,1
89.27,7,electronics,7.2,1,0,1,0.0892,0
194.0,7,jewelry,12.0,1,0,0,0.0808,0
35.6,10,grocery,5.6,0,0,1,0.0811,0
20.85,18,grocery,7.0,4,0,0,0.1014,0
21.68,20,online_retail,18.8,0,0,1,0.1599,0
26.05,21,restaurant,18.0,0,0,1,0.0786,0
134.46,15,restaurant,2.7,1,0,1,0.1223,0
27.84,22,online_retail,4.2,3,0,0,0.0662,0
12.27,22,restaurant,3.0,1,0,1,0.0811,0
5.15,15,grocery,0.9,0,0,0,0.3591,0
366.52,9,restaurant,2.7,3,0,1,0.1093,0
51.57,22,electronics,1.9,2,0,0,0.1735,0
24.57,13,travel,4.2,0,0,1,0.0936,0
157.24,8,fuel,24.4,0,0,1,0.0826,0
64.51,18,grocery,5.5,2,1,1,0.1575,0
30.54,10,fuel,8.6,3,0,0,0.0775,0
13.71,20,fuel,3.7,2,0,1,0.0922,0
7.81,13,electronics,11.1,1,0,1,0.0826,0
13.56,14,restaurant,14.0,1,0,1,0.0972,0
50.46,21,grocery,4.2,2,0,1,0.3588,0
8.46,10,atm,6.3,1,0,1,0.1007,0
242.36,21,atm,13.5,1,0,1,0.1517,0
109.15,18,restaurant,3.6,1,0,0,0.0867,0
85.33,13,fuel,16.6,1,0,0,0.091,0
28.2,13,online_retail,17.8,2,0,0,0.0901,0
6.37,13,atm,0.2,1,0,1,0.1368,0
110.04,22,restaurant,7.4,3,0,1,0.0893,0
265.05,0,atm,239.6,8,0,0,0.9693,1
6.29,13,restaurant,6.6,1,0,1,0.252,0
18.52,11,restaurant,22.2,2,0,1,0.2234,0
7.75,11,online_retail,18.4,2,0,1,0.0698,0
99.92,1,travel,65.1,6,0,0,0.9695,1
52.15,22,grocery,15.3,1,0,1,0.0772,0
9.62,19,grocery,7.1,0,0,1,0.0795,0
6.9,14,online_retail,0.8,1,0,1,0.1565,0
23.43,11,grocery,2.1,2,0,1,0.1134,0
71.59,16,online_retail,0.7,2,1,1,0.0961,0
30.53,22,grocery,4.3,2,0,1,0.0733,0
54.86,21,electronics,14.7,2,0,1,0.0569,0
41.04,19,restaurant,5.5,0,1,1,0.0998,0
38.64,9,fuel,20.2,2,0,0,0.0794,0
187.72,13,grocery,17.1,1,0,1,0.0944,0
26.79,20,grocery,10.4,2,0,1,0.1062,0
35.22,10,travel,11.2,2,0,1,0.0713,0
114.57,16,fuel,1.3,1,0,1,0.0891,0
20.95,9,online_retail,1.0,2,0,1,0.1504,0
69.64,10,grocery,5.5,1,0,1,0.0803,0
75.04,21,restaurant,8.9,0,0,1,0.1445,0
44.56,18,restaurant,51.4,1,0,1,0.0398,0
9.63,14,fuel,4.5,1,0,1,0.0837,0
27.17,12,fuel,20.3,1,0,1,0.1357,0
32.67,21,atm,37.5,2,0,1,0.057,0
31.44,17,restaurant,15.0,2,0,1,0.1079,0
99.37,20,atm,16.5,1,0,1,0.1327,0
29.74,22,fuel,45.6,2,0,0,0.0324,0
24.07,22,restaurant,0.6,1,1,1,0.0586,0
4.96,17,electronics,9.3,4,0,1,0.1091,0
232.11,8,travel,1.8,0,0,0,0.1323,0
33.08,10,grocery,2.3,2,0,1,0.0816,0
60.05,7,grocery,8.7,1,0,1,0.0797,0
29.18,12,restaurant,13.6,1,0,1,0.0967,0
48.29,15,fuel,2.7,1,0,1,0.1327,1
21.65,14,restaurant,2.6,3,0,1,0.1011,0
47.85,19,electronics,7.3,1,0,1,0.2348,0
25.95,21,restaurant,17.4,1,0,1,0.0786,0
51.6,17,grocery,2.9,0,0,1,0.0839,0
116.53,13,grocery,4.5,2,1,0,0.0792,0
60.37,21,restaurant,28.0,2,0,1,0.054,0
166.42,17,online_retail,1.0,5,0,1,0.8342,0
13.8,11,jewelry,7.2,2,0,1,0.0921,0
34.36,12,grocery,36.0,1,0,0,0.1374,0
67.21,12,restaurant,8.7,4,0,1,0.0673,0
31.05,11,grocery,12.7,3,0,1,0.0893,0
82.23,8,electronics,3.2,0,0,1,0.1049,0
1.22,20,grocery,2.2,2,0,1,0.2801,0
3.32,15,restaurant,0.8,0,0,0,0.3165,0
10.19,12,grocery,16.8,0,0,1,0.0876,0
83.31,18,online_retail,7.4,2,0,0,0.1465,0
36.04,17,online_retail,0.8,1,0,1,0.0901,0
25.57,16,fuel,11.6,1,0,1,0.1039,0
27.45,8,fuel,26.9,0,0,0,0.1126,0
406.07,19,fuel,36.0,2,0,0,0.3375,0
12.27,22,grocery,4.5,1,0,1,0.0811,0
32.66,11,grocery,0.6,0,0,1,0.0648,0
13.32,7,restaurant,9.2,3,0,0,0.094,0
81.45,17,online_retail,8.9,2,0,1,0.1211,0
25.09,15,grocery,17.9,2,0,1,0.0962,0
143.99,13,electronics,20.1,2,0,0,0.126,0
51.43,22,fuel,10.6,4,0,0,0.0947,0
38.72,19,grocery,2.2,2,0,0,0.0975,0
120.39,20,grocery,6.2,2,0,1,0.0899,0
27.13,16,grocery,35.1,2,0,1,0.099,0
21.09,11,grocery,3.2,2,0,0,0.1574,0
38.02,22,fuel,41.6,1,0,1,0.0332,0
31.28,20,restaurant,15.7,2,0,1,0.112,0
86.33,13,online_retail,3.7,1,0,1,0.082,0
36.5,9,fuel,21.5,1,1,1,0.0763,0
42.45,7,grocery,14.8,2,0,1,0.0707,0
77.64,16,grocery,1.9,1,0,1,0.105,0
26.38,10,electronics,3.6,2,0,1,0.1076,0
209.43,15,online_retail,269.4,6,0,0,0.9682,1
24.81,19,travel,10.5,2,0,1,0.1007,0
33.93,17,fuel,6.0,2,0,0,0.1082,0
20.68,15,fuel,5.7,2,0,1,0.121,0
41.47,8,restaurant,3.9,0,0,0,0.3686,0
56.53,8,grocery,14.0,1,0,1,0.057,0
22.92,12,grocery,2.0,0,0,1,0.111,0
12.28,22,online_retail,2.1,1,0,1,0.0746,0
13.04,8,restaurant,4.3,3,0,1,0.1734,0
52.31,8,grocery,8.4,1,0,1,0.0911,0
82.21,11,grocery,7.7,3,0,1,0.0811,0
59.06,14,restaurant,2.2,3,0,1,0.0887,0
5.66,12,online_retail,25.3,3,0,0,0.0837,0
134.51,16,restaurant,3.6,1,0,1,0.1826,0
35.65,21,grocery,4.7,2,0,1,0.1517,0
18.21,10,restaurant,24.4,2,0,0,0.0717,0
12.66,18,atm,0.2,2,1,1,0.0532,0
19.1,15,restaurant,16.0,0,0,1,0.1238,0
33.79,15,restaurant,52.3,2,0,1,0.0375,0
125.22,15,atm,16.2,8,1,0,0.9486,0
37.01,15,atm,10.9,1,0,1,0.1137,0
402.19,3,online_retail,164.8,8,1,1,0.9693,1
101.74,17,online_retail,3.4,0,0,1,0.0759,0
131.78,14,restaurant,6.4,2,0,1,0.1809,0
60.93,7,restaurant,19.5,1,0,1,0.0599,0
75.22,13,online_retail,6.0,2,1,1,0.0879,0
32.26,17,grocery,1.7,1,0,1,0.1447,0
6.5,11,restaurant,7.3,1,0,1,0.1203,0
35.18,17,travel,29.0,3,0,0,0.281,0
42.87,21,restaurant,3.4,3,0,1,0.369,0
5.92,11,fuel,10.7,1,0,1,0.1056,0
75.45,20,grocery,9.6,1,0,0,0.0863,0
24.17,9,atm,13.1,2,0,1,0.0737,0
38.41,14,electronics,0.3,0,0,0,0.0775,0
7.5,13,travel,9.6,4,0,0,0.0533,0
59.7,18,atm,19.7,0,0,0,0.0876,0
165.64,16,atm,0.9,1,0,1,0.1032,0
43.27,19,online_retail,13.8,1,0,0,0.1482,0
12.79,11,atm,2.1,3,0,1,0.0859,0
44.4,17,electronics,12.4,1,0,1,0.1318,0
11.62,17,restaurant,22.3,2,0,1,0.1886,0
5.51,19,online_retail,3.2,3,0,0,0.1251,0
36.62,9,grocery,2.4,1,0,0,0.1793,0
39.32,20,grocery,3.5,2,0,1,0.1034,0
26.32,16,grocery,7.9,2,0,1,0.0982,0
115.83,17,grocery,11.9,3,0,1,0.0785,0
104.51,20,online_retail,5.0,1,0,0,0.0928,0
40.56,15,grocery,7.9,1,0,1,0.1029,0
15.37,13,online_retail,2.4,0,0,0,0.0883,0
15.85,10,restaurant,4.6,0,0,0,0.0808,0
15.76,17,restaurant,8.1,4,0,1,0.0749,0
176.98,20,atm,25.3,2,0,1,0.1081,0
51.34,14,grocery,12.3,1,0,1,0.0896,0
2.55,7,grocery,2.4,2,0,1,0.2452,0
44.75,18,grocery,13.5,0,0,1,0.1176,0
64.04,16,jewelry,18.9,0,0,1,0.0902,0
98.45,16,travel,6.2,2,0,0,0.0878,0
25.71,19,grocery,5.5,1,0,1,0.1289,0
70.77,9,grocery,0.6,3,0,1,0.1365,0
34.88,19,fuel,0.8,3,0,1,0.0974,0
35.5,21,grocery,2.3,1,0,0,0.075,0
16.79,9,atm,13.8,3,0,1,0.07,0
12.43,13,online_retail,13.8,2,0,1,0.0841,0
208.76,20,restaurant,0.0,2,0,1,0.0587,0
10.95,18,grocery,16.0,2,0,1,0.0753,0
28.92,10,grocery,6.7,2,0,0,0.0902,0
51.09,7,atm,3.6,0,0,0,0.0978,0
16.74,7,grocery,30.6,4,0,1,0.0647,0
22.16,16,online_retail,8.3,1,0,1,0.0892,0
52.31,18,grocery,1.2,1,0,1,0.0924,0
97.48,12,online_retail,37.9,1,0,1,0.0661,0
439.15,4,travel,130.4,4,0,0,0.9699,1
20.17,10,fuel,17.9,2,0,1,0.0749,0
73.1,10,atm,22.5,0,0,1,0.0791,0
125.26,18,grocery,15.5,0,0,1,0.128,0
48.96,7,grocery,19.8,2,0,1,0.0573,0
32.56,21,grocery,19.2,0,0,1,0.0833,0
25.76,15,fuel,15.9,0,0,0,0.1133,0
71.02,14,restaurant,2.5,1,0,1,0.0943,0
27.53,12,online_retail,3.2,0,0,1,0.105,0
166.57,22,electronics,5.1,1,0,0,0.1556,0
34.19,20,atm,4.3,1,0,0,0.1394,0
11.86,12,grocery,2.6,1,0,0,0.0961,0
11.56,13,fuel,2.1,3,0,1,0.083,0
54.34,8,restaurant,37.2,2,0,1,0.0847,0
34.14,7,electronics,112.8,4,0,1,0.9119,0
31.52,14,jewelry,0.3,1,0,1,0.0791,0
96.15,7,restaurant,36.4,1,1,1,0.0486,0
16.25,10,restaurant,17.9,1,0,1,0.0784,0
38.12,17,grocery,3.8,2,0,1,0.0939,0
30.46,16,atm,26.3,1,0,1,0.1324,0
81.86,13,atm,24.3,3,0,1,0.105,0
7.79,20,grocery,4.0,1,0,1,0.1037,0
12.97,21,restaurant,4.8,2,0,1,0.0988,0
39.23,18,online_retail,2.1,1,1,1,0.0737,0
64.66,21,fuel,1.9,5,0,1,0.0389,0
70.8,12,fuel,30.9,2,0,0,0.0824,0
20.1,11,online_retail,10.7,1,0,0,0.0948,0
52.76,17,online_retail,5.8,4,0,1,0.2946,0
130.32,9,travel,5.5,3,0,1,0.1261,0
107.27,13,restaurant,16.6,1,0,1,0.0915,0
12.66,20,grocery,12.3,4,1,1,0.0679,0
35.29,13,restaurant,1.1,0,0,1,0.1096,0
106.78,16,atm,10.6,1,0,1,0.0824,0
380.06,10,travel,36.8,2,0,0,0.4136,0
79.41,20,fuel,22.9,2,0,1,0.0822,0
212.79,16,restaurant,1.4,2,0,0,0.0842,0
31.14,22,grocery,4.3,6,0,1,0.1,0
6.59,22,restaurant,13.0,1,0,1,0.0656,0
131.97,7,atm,1.5,3,0,1,0.0919,0
41.3,9,grocery,2.5,1,0,1,0.2055,0
96.22,21,online_retail,43.7,3,0,1,0.0303,0
46.79,20,grocery,0.0,1,0,1,0.0689,0
5.95,9,fuel,0.9,1,0,1,0.2668,0
131.28,11,restaurant,22.8,2,0,1,0.0916,0
56.44,7,atm,3.6,1,0,1,0.099,0
23.35,7,electronics,12.8,4,0,1,0.0833,0
42.26,16,fuel,9.6,1,0,0,0.0923,0
105.86,9,online_retail,9.8,2,0,1,0.0611,0
44.33,22,grocery,21.2,1,0,0,0.0993,0
73.23,12,restaurant,4.9,0,0,1,0.0979,0
68.17,18,restaurant,11.4,0,0,0,0.0997,0
172.74,15,online_retail,3.0,1,0,1,0.0784,0
27.12,17,atm,1.8,2,0,1,0.0972,0
155.41,13,online_retail,2.1,0,0,1,0.0765,0
82.7,13,grocery,5.1,2,0,1,0.0991,0
22.92,13,fuel,20.7,2,0,0,0.2301,0
12.74,10,restaurant,10.8,1,0,1,0.0727,0
109.06,2,electronics,80.2,2,0,1,0.9634,1
359.36,9,restaurant,0.7,1,0,1,0.0824,0
8.93,16,atm,8.0,3,0,1,0.0994,0
114.92,12,fuel,4.3,2,0,1,0.0818,0
27.86,19,online_retail,19.7,3,0,1,0.1446,0
36.11,21,fuel,7.6,0,0,0,0.155,0
50.77,10,atm,2.2,1,0,0,0.0834,0
43.23,8,online_retail,15.2,1,0,1,0.1226,0
747.55,12,atm,413.9,4,1,0,0.9677,0
1290.05,4,electronics,85.6,3,1,1,0.9695,1
7.65,20,travel,0.7,2,0,1,0.0969,0
166.34,20,grocery,3.5,0,0,0,0.0925,0
36.2,19,travel,41.7,0,0,1,0.0341,0
13.9,15,grocery,3.6,2,0,1,0.0843,0
143.04,19,restaurant,7.8,0,0,0,0.0766,0
6.33,11,travel,4.9,5,0,1,0.0938,0
194.63,12,restaurant,31.9,5,0,1,0.2398,0
96.25,16,grocery,1.0,1,0,1,0.0894,0
33.23,18,fuel,8.0,2,0,1,0.1017,0
53.5,10,grocery,10.6,1,0,1,0.0599,0
180.83,13,grocery,2.7,3,0,1,0.0903,0
3.0,19,restaurant,24.2,4,0,1,0.0463,0
30.5,16,fuel,15.0,2,1,0,0.087,0
6.78,16,atm,1.9,5,0,0,0.1126,0
49.34,20,grocery,6.7,0,0,0,0.0921,0
22.83,13,grocery,8.7,1,0,0,0.1006,0
128.04,8,electronics,5.8,3,0,1,0.0965,0
30.27,11,atm,13.3,1,0,0,0.0907,0
203.18,12,electronics,11.8,2,1,1,0.0712,0
39.93,12,grocery,26.5,3,0,1,0.1186,0
1.54,20,grocery,0.8,1,0,1,0.3948,0
150.74,9,electronics,13.7,4,0,1,0.2265,0
12.62,10,fuel,7.3,1,0,1,0.086,0
22.25,13,electronics,15.2,3,0,1,0.0944,0
3.15,22,online_retail,1.1,1,0,1,0.2754,0
42.59,8,grocery,8.4,1,0,0,0.1714,0
49.87,3,electronics,67.9,3,0,0,0.9698,1
62.14,13,fuel,12.1,2,0,1,0.0773,0
77.39,13,restaurant,6.1,4,0,1,0.0831,0
19.78,9,travel,43.6,0,0,0,0.036,0
14.05,8,electronics,14.0,3,0,1,0.0764,0
21.34,12,restaurant,9.4,0,0,1,0.1,0
56.71,14,online_retail,2.3,1,1,0,0.0883,0
23.97,12,restaurant,0.9,3,0,1,0.1175,0
50.17,16,travel,15.2,0,0,1,0.099,0
8.65,13,restaurant,5.3,1,0,0,0.0937,0
142.85,7,fuel,4.2,3,0,1,0.1071,0
11.93,10,restaurant,2.4,3,0,0,0.0967,0
306.24,12,restaurant,6.5,2,0,1,0.0774,0
33.01,17,restaurant,15.0,1,0,1,0.1173,0
8.59,15,travel,6.8,1,0,0,0.0902,0
40.09,11,fuel,4.8,2,0,1,0.1066,0
7.65,8,fuel,9.9,0,0,1,0.1204,0
33.07,20,electronics,0.1,2,0,1,0.1079,0
78.61,22,grocery,8.0,0,0,1,0.0584,0
36.82,20,online_retail,15.1,2,0,1,0.1169,0
19.69,13,grocery,1.3,2,0,1,0.1234,0
52.3,21,online_retail,23.7,2,0,1,0.0877,0
76.28,16,restaurant,15.5,2,0,1,0.0831,0
81.67,12,grocery,31.6,1,0,1,0.0814,0
48.96,16,grocery,0.2,1,0,0,0.0573,0
16.58,17,restaurant,15.7,1,0,1,0.11,0
72.7,17,grocery,10.5,4,0,1,0.101,0
23.86,20,grocery,4.4,1,0,1,0.1189,0
107.17,13,online_retail,27.0,3,0,1,0.0944,0
387.56,10,atm,9.3,2,0,1,0.1938,0
11.46,19,grocery,9.4,1,0,1,0.0829,0
4.32,14,grocery,8.7,0,0,0,0.1885,0
4.51,12,online_retail,5.4,2,0,1,0.3371,0
342.62,0,electronics,25.9,3,1,1,0.9686,1
53.49,14,grocery,10.9,2,0,0,0.0839,0
53.26,7,restaurant,7.8,4,0,1,0.1054,0
24.46,18,grocery,39.8,2,0,1,0.0366,0
42.58,20,online_retail,21.0,1,0,1,0.1947,0
374.87,22,restaurant,1.4,2,0,1,0.2933,0
6.31,17,grocery,2.2,1,0,0,0.2137,0
4.84,9,electronics,12.2,2,0,1,0.0613,0
13.39,11,electronics,0.4,2,0,1,0.0576,0
87.75,16,online_retail,19.6,1,0,1,0.0929,0
15.9,21,restaurant,6.5,2,0,0,0.1166,0
47.09,19,grocery,8.4,2,0,1,0.1375,0
13.42,9,restaurant,10.6,2,0,1,0.0891,0
12.29,15,fuel,3.1,1,0,1,0.0896,0
66.36,12,restaurant,15.3,1,0,1,0.0945,0
26.59,20,grocery,9.3,3,0,1,0.0969,0
15.85,18,restaurant,2.9,1,0,1,0.1269,0
70.92,19,electronics,0.0,1,0,1,0.0624,0
36.59,12,grocery,29.8,1,0,1,0.1249,0
37.98,15,restaurant,10.2,2,0,1,0.1021,0
4.93,17,restaurant,1.4,0,0,1,0.3399,0
20.43,7,grocery,11.6,3,0,1,0.0993,0
33.47,22,grocery,6.8,0,0,1,0.0774,0
11.91,13,grocery,3.1,3,0,0,0.083,0
304.35,17,electronics,2.4,2,0,1,0.0791,0
29.91,20,electronics,5.1,6,0,1,0.2937,0
31.58,10,grocery,29.5,1,0,1,0.0682,0
97.71,16,online_retail,4.6,1,0,1,0.0984,0
18.93,10,grocery,3.8,1,0,0,0.1009,0
56.93,20,online_retail,28.2,1,0,1,0.0917,0
135.79,21,grocery,10.7,0,0,1,0.1436,0
54.55,7,electronics,8.8,2,0,1,0.0764,0
9.17,21,grocery,52.3,3,0,1,0.0228,0
123.57,12,atm,547.7,7,1,0,0.9682,1
109.66,15,travel,21.4,0,0,1,0.1015,0
26.25,13,restaurant,2.1,2,0,1,0.1011,0
64.14,17,grocery,8.6,0,0,1,0.0801,0
74.85,21,restaurant,17.4,3,0,1,0.0628,0
47.21,12,online_retail,3.9,1,0,1,0.151,0
29.4,21,fuel,1.3,0,0,1,0.1084,0
29.59,11,electronics,2.4,4,0,1,0.1169,0
402.43,2,atm,86.4,9,0,1,0.9693,1
21.56,9,online_retail,6.1,0,0,0,0.1728,0
9.15,13,online_retail,5.4,0,0,1,0.0725,0
141.84,21,restaurant,7.2,1,1,0,0.1554,0
100.36,16,online_retail,5.7,0,0,0,0.0817,0
43.03,12,online_retail,7.5,1,0,1,0.1417,1
142.04,19,electronics,3.4,0,0,1,0.0871,0
4.88,19,atm,14.3,1,0,1,0.0927,0
849.68,2,online_retail,192.8,3,0,0,0.9695,1
27.51,9,fuel,46.9,3,0,1,0.0228,0
69.88,10,atm,5.9,2,0,0,0.0796,0
35.68,12,online_retail,0.5,0,0,1,0.0611,0
12.93,9,online_retail,0.3,2,0,1,0.1199,0
181.89,1,online_retail,259.9,4,1,0,0.9699,1
50.62,16,restaurant,1.6,1,0,0,0.0912,0
27.37,18,restaurant,23.2,2,0,1,0.1342,0
42.0,21,electronics,28.2,0,0,1,0.085,0
11.13,7,fuel,8.0,2,0,1,0.1864,0
308.74,17,fuel,23.5,1,0,1,0.1184,0
81.86,21,fuel,17.8,1,0,1,0.0745,0
137.8,21,fuel,16.8,4,0,1,0.2053,0
177.14,21,electronics,23.5,2,0,1,0.108,0
39.25,15,fuel,35.5,0,0,1,0.1202,0
65.71,21,restaurant,3.5,0,0,0,0.0999,0
75.53,17,electronics,12.6,1,0,1,0.0932,0
90.72,19,online_retail,12.5,2,0,0,0.1539,0
36.15,9,grocery,0.4,1,0,1,0.0873,0
110.36,8,restaurant,2.1,0,0,0,0.1188,0
12.82,9,restaurant,0.7,1,0,1,0.1052,0
56.12,22,atm,119.0,6,1,0,0.9674,1
229.2,16,restaurant,7.8,3,0,1,0.0868,1
155.22,20,fuel,6.0,1,0,1,0.1012,0
38.54,7,fuel,4.5,2,0,0,0.1301,0
10.6,15,grocery,26.4,1,0,1,0.1089,0
91.24,9,restaurant,2.5,1,0,1,0.1924,0
126.19,20,electronics,0.4,1,0,0,0.0673,0
51.65,7,fuel,15.4,1,0,1,0.0707,0
52.75,7,online_retail,11.8,3,1,0,0.0526,0
44.3,15,travel,1.8,2,0,1,0.0892,0
45.67,16,grocery,10.6,1,0,0,0.087,0
211.41,2,online_retail,287.7,5,0,0,0.9693,1
15.28,19,electronics,17.4,1,0,1,0.1141,0
9.87,21,restaurant,0.5,2,0,1,0.0655,0
46.91,12,fuel,20.8,2,0,1,0.1326,0
166.29,13,restaurant,11.6,3,0,1,0.091,0
175.22,15,online_retail,3.4,1,0,0,0.0784,0
54.56,7,fuel,24.6,1,0,0,0.0525,0
186.85,18,electronics,8.3,3,0,1,0.091,0
59.99,15,grocery,12.9,2,0,1,0.0913,0
11.89,19,grocery,23.7,1,0,0,0.1033,0
23.75,17,atm,2.6,1,0,0,0.1453,0
26.12,10,restaurant,12.1,0,0,0,0.0816,0
484.28,20,restaurant,1.8,1,0,0,0.0946,0
310.38,16,online_retail,6.6,3,0,1,0.0876,0
57.38,9,restaurant,4.1,1,0,1,0.2799,0
447.22,12,grocery,3.4,0,0,1,0.0762,0
55.2,19,grocery,6.1,2,0,1,0.09,0
5.55,22,fuel,17.2,3,0,1,0.048,0
11.8,21,grocery,6.4,1,0,0,0.09,0
119.85,10,restaurant,3.5,2,0,1,0.0772,0
14.28,17,grocery,2.6,2,0,1,0.1199,0
92.89,22,fuel,9.4,1,1,1,0.1113,0
33.44,17,grocery,11.8,2,0,0,0.0978,0
13.58,16,restaurant,41.3,2,0,1,0.0366,0
215.9,8,online_retail,8.3,1,0,0,0.1357,0
28.28,9,restaurant,5.8,3,0,1,0.3096,0
72.59,9,grocery,8.6,1,0,1,0.0924,0
22.02,12,electronics,4.7,2,0,1,0.1133,0
14.57,10,fuel,4.6,1,0,0,0.0894,0
148.59,12,electronics,12.0,0,1,0,0.0704,0
24.04,12,electronics,5.2,3,0,1,0.1155,0
7.82,21,grocery,5.6,0,0,1,0.0752,0
15.08,9,fuel,0.5,1,0,0,0.1038,0
75.11,10,atm,4.2,3,0,1,0.1022,0
52.04,19,fuel,6.3,1,0,1,0.1201,0
6.57,18,online_retail,1.7,1,0,1,0.1124,0
8.24,7,online_retail,13.6,3,0,1,0.0843,0
31.69,12,atm,0.6,0,0,1,0.0635,0
9.37,11,grocery,11.7,3,0,1,0.0696,0
12.47,17,fuel,15.4,2,0,1,0.0881,0
91.88,13,atm,12.8,0,0,1,0.0743,0
91.68,8,grocery,6.7,2,0,1,0.0965,0
96.89,22,electronics,2.2,2,0,1,0.1061,0
29.31,11,grocery,3.0,1,0,1,0.1203,0
50.4,22,online_retail,5.1,0,0,1,0.0757,0
6.99,9,grocery,3.9,1,0,1,0.1483,0
36.66,17,grocery,5.6,1,0,1,0.1149,0
29.26,19,fuel,0.4,1,0,1,0.0828,0
9.66,19,grocery,3.3,1,0,0,0.0883,0
122.18,11,travel,3.1,3,0,1,0.1452,0
35.59,17,grocery,0.1,1,0,0,0.0722,0
25.0,13,grocery,6.2,2,0,1,0.1155,0
71.18,17,restaurant,2.8,0,0,1,0.0915,0
1.3,19,electronics,4.3,2,0,1,0.267,0
102.23,15,atm,23.5,2,0,1,0.112,0
57.63,21,grocery,1.1,2,0,1,0.1008,0
201.35,15,online_retail,156.6,9,1,0,0.9682,0
24.86,19,electronics,9.1,3,0,1,0.1755,0
44.32,18,online_retail,1.0,0,0,1,0.0973,0
46.87,22,travel,16.0,1,0,1,0.0846,0
41.15,19,grocery,45.2,0,0,1,0.0374,0
65.7,17,online_retail,21.2,3,0,1,0.1146,0
10.84,19,restaurant,3.8,0,0,1,0.0795,0
32.33,7,electronics,2.8,2,0,1,0.1714,0
58.01,17,grocery,2.3,2,0,1,0.0989,0
39.69,12,online_retail,4.4,3,0,0,0.0989,0
31.71,9,restaurant,2.8,1,0,0,0.2288,0
6.42,21,restaurant,2.9,1,0,0,0.0936,0
298.37,15,fuel,4.3,0,0,0,0.0789,0
21.54,8,online_retail,18.3,1,0,0,0.0855,0
34.8,13,atm,9.3,2,0,1,0.0867,0
10.7,8,fuel,24.7,4,0,1,0.0581,0
74.4,21,fuel,1.4,1,0,0,0.0759,0
25.52,15,online_retail,3.4,0,0,1,0.0906,0
20.82,12,restaurant,9.6,1,0,1,0.1045,1
18.52,20,restaurant,3.2,0,0,1,0.1304,0
109.28,15,jewelry,298.6,3,1,0,0.9663,0
130.56,21,grocery,15.7,1,0,0,0.1306,0
22.71,22,fuel,6.7,1,0,1,0.0915,0
39.42,11,online_retail,3.7,0,0,1,0.0968,0
57.62,7,fuel,19.7,0,0,1,0.1249,0
27.67,11,restaurant,14.8,2,0,1,0.0825,0
30.74,16,fuel,19.6,1,0,0,0.134,0
87.26,16,grocery,14.2,1,0,1,0.0903,0
39.75,21,atm,27.6,1,0,1,0.0654,0
50.28,16,restaurant,37.1,2,0,1,0.1557,0
83.59,16,fuel,5.0,2,0,0,0.0936,0
29.92,8,grocery,2.3,1,0,1,0.1621,0
22.77,13,grocery,7.0,2,0,0,0.1155,0
8.28,7,grocery,0.7,1,0,1,0.1196,0
28.89,9,atm,29.5,4,1,1,0.0617,0
914.78,22,travel,55.6,5,0,1,0.947,1
92.35,12,restaurant,25.4,0,0,1,0.0926,0
39.81,9,fuel,0.7,6,0,1,0.1456,0
13.05,13,grocery,44.5,0,0,1,0.0355,0
55.06,21,restaurant,28.6,0,0,1,0.0479,0
11.99,22,online_retail,1.5,6,0,0,0.2868,1
32.57,11,restaurant,4.1,2,0,1,0.1268,0
23.78,11,online_retail,2.1,1,0,1,0.1376,0
127.74,15,restaurant,5.2,3,0,0,0.0874,0
17.12,9,fuel,5.4,2,0,0,0.1772,0
30.22,20,online_retail,35.4,0,0,1,0.0917,0
15.22,12,grocery,3.4,3,0,1,0.1039,0
10.54,8,grocery,2.7,1,0,1,0.1347,0
83.43,13,fuel,56.3,3,0,1,0.0766,0
44.48,8,restaurant,11.4,1,0,1,0.1435,0
188.52,0,electronics,223.7,8,0,1,0.9693,1
63.88,15,online_retail,1.9,1,0,1,0.0865,0
30.86,8,online_retail,4.6,4,0,0,0.1551,0
34.54,9,online_retail,6.7,0,0,1,0.1333,0
178.46,14,fuel,21.6,4,1,0,0.1084,0
257.29,10,travel,10.5,1,0,1,0.055,0
19.67,11,restaurant,0.6,2,0,1,0.0746,0
112.61,8,grocery,4.7,2,0,0,0.1501,0
70.22,15,travel,7.3,1,0,1,0.1089,0
253.25,13,atm,12.4,2,0,1,0.0738,0
63.0,16,fuel,5.0,2,0,1,0.0959,0
19.56,10,restaurant,6.9,2,0,0,0.0968,0
32.47,13,restaurant,0.0,3,0,1,0.0668,0
64.74,9,restaurant,1.2,1,0,1,0.3113,0
11.94,20,grocery,14.7,1,0,1,0.1079,0
36.01,8,travel,12.4,1,0,0,0.0799,0
13.32,17,online_retail,29.1,0,0,1,0.3217,0
45.82,17,grocery,13.4,3,0,1,0.1277,0
17.55,11,grocery,30.0,0,0,1,0.0928,1
16.59,8,electronics,1.8,1,0,1,0.1934,0
20.54,20,grocery,0.8,1,0,1,0.2431,0
202.07,16,online_retail,6.6,0,0,1,0.0877,0
11.35,20,atm,2.1,0,0,1,0.099,0
66.93,16,grocery,0.6,0,0,1,0.0679,0
29.95,7,atm,8.4,3,1,1,0.0702,0
29.3,16,electronics,9.1,3,0,0,0.1284,0
40.6,14,atm,0.9,1,0,0,0.1189,0
9.05,12,atm,10.3,5,0,1,0.0946,0
61.39,18,grocery,24.9,1,1,0,0.1864,0
33.54,8,online_retail,3.9,1,0,1,0.1711,0
9.24,15,restaurant,11.5,2,0,0,0.0737,0
14.09,13,grocery,8.9,0,0,1,0.0822,0
120.57,16,grocery,12.9,2,0,1,0.0694,0
52.83,10,grocery,8.3,1,0,0,0.0556,0
62.85,15,online_retail,18.5,1,0,1,0.0917,0
78.96,15,grocery,5.3,0,0,1,0.0983,0
29.91,18,grocery,0.4,3,0,1,0.0749,0
64.96,13,fuel,17.0,0,0,0,0.0903,0
103.7,9,restaurant,8.4,2,0,1,0.0664,0
26.64,20,grocery,1.1,0,0,1,0.1039,0
21.52,20,grocery,10.0,4,0,1,0.0868,0
21.11,16,grocery,9.7,1,0,1,0.1037,0
1068.53,15,travel,139.0,6,1,0,0.9682,1
22.51,18,grocery,19.9,2,0,1,0.1146,0
301.18,16,restaurant,13.5,0,0,1,0.0616,0
89.44,13,grocery,52.6,0,0,1,0.0257,0
52.43,22,fuel,2.2,1,0,1,0.0708,0
132.89,20,atm,9.8,2,0,1,0.1807,0
15.28,7,online_retail,57.5,3,0,1,0.0902,0
14.64,9,restaurant,28.5,0,0,0,0.0908,0
79.04,14,grocery,72.6,3,0,1,0.2544,0
6.81,21,restaurant,23.6,1,0,0,0.0639,0
72.72,21,restaurant,19.5,4,0,0,0.0556,0
55.33,16,grocery,2.0,3,0,1,0.0989,0
34.38,20,grocery,14.1,1,0,0,0.1128,0
22.66,14,fuel,2.2,0,0,1,0.0987,0
13.74,7,atm,33.0,2,0,0,0.0539,0
34.71,9,online_retail,22.7,1,0,1,0.06,0
89.99,22,grocery,40.1,3,0,1,0.0298,0
4.25,20,grocery,36.1,0,0,1,0.1747,0
3.71,18,grocery,11.4,1,0,1,0.1069,0
36.91,10,atm,8.5,2,0,1,0.0874,0
46.03,11,restaurant,8.8,2,0,1,0.093,0
31.81,19,restaurant,1.9,1,0,1,0.1122,0
9.5,7,fuel,9.2,2,0,0,0.0803,0
238.93,19,grocery,16.3,2,1,1,0.11,0
25.37,7,online_retail,12.7,2,0,1,0.0771,0
47.17,16,restaurant,31.2,0,0,1,0.0869,0
7.06,12,grocery,14.4,2,0,1,0.1043,0
19.52,15,grocery,17.6,4,0,1,0.0912,0
46.05,12,travel,21.5,0,0,1,0.2006,0
36.99,22,fuel,5.4,1,0,1,0.0843,0
64.99,21,electronics,2.6,1,0,1,0.0861,0
13.04,18,restaurant,0.9,1,0,0,0.1106,0
11.02,8,online_retail,1.6,1,0,1,0.2742,0
66.27,19,electronics,11.3,0,0,0,0.0802,0
52.04,12,online_retail,15.0,0,0,0,0.0829,0
21.77,13,online_retail,12.1,3,0,1,0.0885,0
24.14,21,restaurant,1.1,2,0,0,0.0885,0
47.82,20,atm,6.4,2,0,1,0.1554,0
146.78,22,fuel,5.9,3,0,1,0.2519,0
38.77,7,grocery,6.3,0,0,1,0.1147,0
30.46,7,restaurant,3.1,2,0,1,0.1253,0
54.62,22,fuel,1.2,1,0,1,0.0746,0
35.1,8,restaurant,16.8,1,0,1,0.0835,0
25.56,22,fuel,1.4,4,0,0,0.0644,0
28.5,21,online_retail,1.5,3,0,1,0.1004,0
24.24,20,fuel,0.3,0,0,0,0.0765,0
2.77,13,electronics,9.8,1,0,1,0.2004,0
32.76,9,restaurant,5.8,2,0,0,0.1727,0
44.57,13,online_retail,7.7,0,0,0,0.0839,0
46.34,21,restaurant,3.8,0,0,1,0.2553,0
145.4,3,online_retail,179.9,8,0,1,0.9693,1
74.26,13,atm,20.2,2,0,1,0.0869,0
22.5,13,grocery,9.8,0,0,1,0.0932,0
89.12,19,electronics,6.2,1,0,1,0.0968,0
12.51,7,restaurant,0.4,1,0,1,0.0884,0
71.34,9,online_retail,28.1,1,0,0,0.0517,0
21.39,21,fuel,19.8,0,0,1,0.0972,0
11.51,21,fuel,5.0,0,0,1,0.0761,0
13.66,21,online_retail,4.2,4,0,1,0.0932,0
28.79,16,grocery,12.0,0,0,1,0.0959,0
96.89,13,restaurant,5.7,2,0,0,0.086,0
19.31,8,grocery,26.8,1,0,0,0.0724,0
33.51,17,grocery,9.0,4,1,1,0.0984,0
9.97,19,grocery,7.9,1,0,1,0.0701,0
5.3,7,online_retail,0.4,1,0,1,0.3561,0
11.14,9,atm,3.0,1,0,1,0.1207,0
12.45,12,online_retail,8.0,1,0,0,0.0769,0
45.87,22,online_retail,5.7,1,0,1,0.0875,0
15.65,13,grocery,9.7,4,0,0,0.0728,0
19.3,13,fuel,16.4,2,0,1,0.1002,0
48.57,13,fuel,6.6,0,0,1,0.1699,0
69.13,7,travel,14.3,0,0,1,0.1321,0
19.02,17,atm,9.2,1,1,1,0.1712,0
58.09,10,online_retail,3.9,0,0,1,0.0725,0
25.62,14,grocery,7.3,2,0,1,0.1155,0
30.17,16,online_retail,16.7,2,0,0,0.0893,0
70.2,14,online_retail,5.1,1,0,0,0.1009,0
33.65,18,online_retail,30.3,3,0,0,0.3088,0
59.36,20,atm,9.8,0,0,1,0.0729,0
77.18,20,grocery,1.1,0,0,1,0.0802,0
111.19,12,electronics,14.3,1,0,1,0.0891,0
8.92,17,grocery,6.0,1,0,1,0.0952,0
35.62,9,travel,4.1,2,0,1,0.1748,0
209.12,17,electronics,47.5,0,0,0,0.0516,0
11.8,21,grocery,22.5,0,0,0,0.0777,0
127.81,22,online_retail,51.8,0,0,1,0.031,0
10.39,16,restaurant,1.1,0,0,1,0.0759,0
8.98,22,atm,10.1,4,0,1,0.0564,0
9.74,19,restaurant,11.0,2,0,1,0.0765,0
28.93,10,grocery,14.7,2,0,1,0.0697,0
138.05,13,online_retail,17.1,0,0,0,0.0956,0
170.61,13,travel,3.9,1,0,1,0.0836,0
188.85,9,grocery,15.3,0,0,0,0.1117,0
29.75,22,jewelry,11.4,0,0,1,0.0714,0
9.08,18,grocery,1.8,3,0,1,0.0799,0
75.84,19,grocery,0.6,2,1,1,0.1549,0
91.61,21,atm,13.0,1,0,0,0.1247,0
176.33,9,online_retail,11.4,0,0,1,0.121,0
16.88,15,restaurant,2.0,3,0,0,0.097,0
7.44,10,fuel,21.1,1,0,0,0.0839,0
91.45,15,restaurant,26.4,2,1,1,0.104,0
28.52,14,travel,2.7,0,0,0,0.0936,0
97.84,15,travel,6.1,2,0,1,0.0878,0
31.0,12,restaurant,18.8,0,0,1,0.1325,0
44.78,7,online_retail,7.3,4,0,1,0.1842,0
65.35,7,online_retail,21.5,1,0,1,0.047,0
74.52,7,travel,11.8,0,0,1,0.1234,0
136.85,20,grocery,2.6,2,0,1,0.1482,0
11.43,16,electronics,11.2,2,0,0,0.0863,0
104.56,12,atm,0.8,2,0,1,0.0609,0
126.15,8,electronics,3.9,2,0,1,0.1195,0
21.98,7,online_retail,21.2,2,0,1,0.1509,0
45.03,10,online_retail,21.3,2,0,0,0.0585,0
28.59,19,atm,5.7,1,0,1,0.1233,0
21.85,20,grocery,2.6,2,0,1,0.112,0
31.92,11,travel,2.9,1,0,1,0.1379,0
12.92,22,online_retail,22.6,3,0,0,0.0959,0
111.28,16,grocery,9.8,2,0,1,0.0685,0
1.95,12,atm,7.7,0,0,1,0.2686,0
61.06,19,restaurant,1.7,2,0,1,0.0892,0
82.2,9,online_retail,10.9,2,0,0,0.0749,0
26.41,11,grocery,0.3,0,0,1,0.0704,0
28.23,16,online_retail,14.5,1,0,0,0.0997,0
21.66,19,fuel,9.2,0,0,1,0.178,0
24.74,9,online_retail,14.1,3,0,1,0.0766,0
16.14,9,atm,31.2,1,0,1,0.0533,0
4.19,11,atm,21.2,2,0,0,0.1062,0
40.29,21,atm,22.0,2,0,0,0.077,0
23.07,21,grocery,3.0,2,0,1,0.0964,0
28.83,20,grocery,3.6,3,0,0,0.112,0
11.72,22,online_retail,10.8,0,0,0,0.0623,0
7.68,8,online_retail,16.0,1,0,1,0.0988,0
6.26,17,fuel,30.7,3,0,1,0.0785,0
28.19,10,grocery,2.5,4,0,1,0.0853,0
19.34,15,restaurant,30.9,3,0,1,0.099,0
29.8,21,grocery,9.3,0,0,0,0.0813,0
50.77,11,online_retail,8.3,1,0,0,0.0672,0
222.9,11,restaurant,17.2,0,0,0,0.0863,0
12.54,14,electronics,66.0,0,0,1,0.1149,0
68.29,20,grocery,13.4,1,0,1,0.1056,0
49.21,14,fuel,3.1,1,0,1,0.0783,0
78.0,15,grocery,11.8,3,0,1,0.0971,0
25.69,21,grocery,10.1,0,0,0,0.0815,0
83.17,16,restaurant,14.3,2,0,1,0.082,0
17.53,14,grocery,4.8,4,0,1,0.0898,0
35.23,8,grocery,9.7,2,0,1,0.0805,0
52.39,15,atm,1.8,1,0,1,0.0794,0
53.35,9,online_retail,9.8,3,0,1,0.0788,0
28.19,18,online_retail,11.9,0,0,1,0.1149,0
143.22,13,atm,12.6,4,0,1,0.3233,0
15.51,12,online_retail,20.5,2,0,1,0.1022,0
9.97,16,fuel,8.3,4,0,0,0.0586,0
21.71,21,fuel,0.1,0,0,1,0.0796,0
41.2,9,travel,17.5,3,0,1,0.0726,0
36.87,15,restaurant,16.4,1,0,1,0.1238,0
57.76,17,grocery,2.9,3,0,1,0.0989,0
17.48,11,online_retail,14.0,1,0,0,0.0798,0
12.95,21,grocery,15.1,1,0,1,0.0719,0
17.31,9,restaurant,28.3,3,0,1,0.0612,0
34.75,21,online_retail,7.2,0,0,1,0.1329,0
30.99,13,fuel,21.4,2,0,0,0.3881,0
32.56,15,grocery,45.8,2,0,0,0.0403,0
170.9,15,restaurant,16.8,0,0,1,0.1096,0
28.71,18,grocery,11.3,0,0,0,0.1039,0
18.36,20,grocery,2.5,1,0,1,0.1439,0
85.51,15,restaurant,1.6,1,0,1,0.0882,0
43.34,16,restaurant,0.3,4,0,1,0.0676,0
20.88,12,fuel,16.3,2,0,1,0.1002,0
13.95,7,grocery,3.6,1,0,1,0.1254,0
53.16,22,fuel,11.7,2,0,0,0.0746,0
246.56,23,online_retail,36.8,5,1,0,0.9649,0
83.98,21,grocery,9.0,0,0,1,0.1924,0
158.03,23,electronics,536.4,8,0,0,0.9682,1
22.8,22,grocery,41.1,2,0,1,0.0285,0
17.07,17,grocery,0.4,2,0,1,0.0673,0
32.15,22,grocery,16.0,3,0,1,0.0685,0
55.44,17,restaurant,29.2,2,0,1,0.1682,0
828.86,2,travel,84.3,11,0,0,0.9693,1
11.92,22,fuel,2.4,2,0,0,0.061,0
177.42,1,atm,16.8,7,1,0,0.9692,0
148.01,12,grocery,12.3,3,0,1,0.0839,0
78.27,18,electronics,8.9,0,0,1,0.1011,0
341.28,12,online_retail,15.7,1,0,1,0.435,0
34.53,22,grocery,5.4,0,0,0,0.0776,0
16.23,9,grocery,37.0,3,0,1,0.0737,0
69.01,12,grocery,8.6,4,0,1,0.0739,0
10.64,21,grocery,3.9,1,0,1,0.0898,0
24.69,15,atm,55.3,2,0,1,0.0696,0
2.37,7,fuel,3.4,0,0,1,0.2406,0
53.36,19,electronics,63.5,3,0,1,0.8417,0
29.7,7,jewelry,4.3,1,0,1,0.1328,0
17.61,10,restaurant,0.1,1,0,1,0.054,0
77.62,7,travel,3.5,1,0,1,0.118,0
70.12,13,online_retail,0.4,1,0,0,0.0661,0
51.7,19,grocery,20.8,2,0,0,0.0816,0
69.7,14,restaurant,2.5,2,0,1,0.0887,0
10.36,18,atm,4.0,2,0,1,0.0762,0
40.66,10,atm,3.2,3,0,1,0.0774,0
44.24,22,grocery,2.7,2,0,1,0.0798,0
46.15,20,grocery,1.8,1,0,1,0.1108,0
39.32,16,fuel,5.2,0,0,1,0.1057,0
840.73,17,online_retail,3.9,2,0,1,0.1436,0
32.04,22,restaurant,1.4,1,0,1,0.1115,0
92.93,21,grocery,11.4,2,0,1,0.1795,0
17.7,10,restaurant,9.8,0,0,1,0.0687,0
46.66,19,online_retail,9.6,4,0,0,0.2362,0
31.09,17,grocery,24.9,0,0,0,0.1327,0
42.73,7,grocery,35.2,1,0,1,0.0864,0
24.6,19,fuel,2.6,2,0,1,0.1057,0
12.64,12,grocery,2.2,1,0,0,0.0961,0
87.98,8,travel,4.7,2,0,1,0.1286,0
87.76,14,atm,4.8,4,0,0,0.312,0
10.68,10,grocery,3.5,1,0,1,0.0734,0
11.64,19,atm,24.3,1,0,0,0.1033,0
54.22,10,grocery,8.0,1,0,1,0.058,0
52.77,21,fuel,10.8,0,0,1,0.1296,0
21.83,10,fuel,0.4,1,0,1,0.0594,0
7.15,10,grocery,16.2,4,0,0,0.0592,0
13.96,12,online_retail,5.5,0,0,1,0.085,0
27.05,18,restaurant,1.5,1,0,0,0.1081,0
58.16,7,restaurant,3.7,2,0,0,0.1536,0
75.06,16,electronics,27.3,0,0,0,0.1175,0
29.45,8,restaurant,5.1,1,0,1,0.1649,0
75.54,22,travel,10.0,1,0,1,0.0587,0
98.9,10,online_retail,15.4,0,0,1,0.0656,0
41.99,19,grocery,5.7,0,0,1,0.1451,0
15.03,11,grocery,5.3,0,0,1,0.1016,0
67.58,16,atm,17.6,1,0,1,0.0922,0
41.45,17,online_retail,2.5,1,0,1,0.1058,0
113.39,18,travel,12.6,1,0,1,0.1443,0
21.13,22,online_retail,1.1,1,0,1,0.1351,0
15.28,16,online_retail,20.4,1,0,0,0.1674,0
69.63,13,travel,16.4,2,0,1,0.0846,0
12.71,21,online_retail,0.7,3,0,1,0.122,0
47.94,14,restaurant,24.3,1,0,1,0.2668,0
13.03,19,grocery,4.0,1,0,1,0.1148,0
94.74,11,online_retail,12.6,1,0,1,0.0717,0
13.44,9,grocery,3.6,1,0,0,0.1746,0
6.09,16,atm,13.9,0,0,1,0.1092,0
125.89,7,online_retail,10.0,2,0,1,0.0524,0
94.3,1,travel,69.7,4,0,0,0.9702,1
54.09,22,grocery,4.8,0,0,1,0.0674,0
516.85,10,online_retail,15.1,1,0,1,0.3702,0
24.17,11,grocery,19.0,4,0,1,0.0879,0
106.59,15,restaurant,5.8,1,0,0,0.0998,0
8.22,13,travel,24.3,0,0,1,0.1187,0
7.3,21,restaurant,1.0,3,1,1,0.1007,0
91.53,22,grocery,30.3,3,0,1,0.069,0
73.78,20,grocery,23.1,1,0,1,0.09,0
243.57,8,electronics,4.0,2,0,1,0.1166,0
23.58,20,restaurant,16.1,1,0,1,0.1176,0
20.46,9,online_retail,9.1,1,0,1,0.0884,0
12.76,18,fuel,8.0,1,0,0,0.1288,0
31.77,15,grocery,3.8,1,0,1,0.109,0
20.98,14,electronics,32.0,1,0,0,0.1013,0
105.64,21,jewelry,35.1,3,0,1,0.0589,0
108.58,11,restaurant,0.2,3,0,1,0.0546,0
43.27,22,restaurant,5.3,1,0,0,0.0898,0
202.99,18,fuel,16.0,2,0,1,0.1611,0
69.8,18,online_retail,23.0,2,0,1,0.1416,0
18.69,16,fuel,15.0,2,0,0,0.0912,0
13.12,12,fuel,1.5,2,0,0,0.1149,0
221.95,7,restaurant,18.6,1,0,1,0.0958,0
16.73,16,grocery,1.8,0,0,0,0.1589,0
24.74,13,travel,7.8,1,0,0,0.1446,0
55.6,17,atm,5.7,1,0,1,0.0973,0
21.83,13,online_retail,9.7,0,0,1,0.0819,0
59.72,0,travel,104.4,6,0,0,0.9685,0
11.58,19,atm,6.6,0,0,0,0.0887,0
218.27,17,grocery,25.7,2,0,1,0.1359,0
32.91,14,grocery,3.3,1,0,0,0.0991,0
15.96,12,grocery,2.1,2,0,0,0.1039,0
133.39,8,online_retail,37.6,1,0,1,0.0374,0
19.64,22,atm,7.3,0,0,1,0.1412,0
19.54,21,travel,1.5,1,0,1,0.2433,0
15.19,20,electronics,6.5,3,0,0,0.1182,0
143.52,21,fuel,3.7,1,0,1,0.1925,0
20.11,18,electronics,6.6,1,0,1,0.1646,0
24.9,14,electronics,23.0,2,0,0,0.1313,0
5.68,12,grocery,33.5,4,0,0,0.0881,0
81.49,16,grocery,11.2,3,0,1,0.0882,0
17.29,13,grocery,3.3,1,0,0,0.1016,0
11.15,18,atm,0.4,0,0,0,0.0802,0
37.39,7,grocery,15.2,2,0,1,0.0705,0
10.41,11,grocery,29.6,1,0,1,0.0838,0
98.96,19,online_retail,56.1,3,0,1,0.3404,0
102.46,22,atm,104.2,9,0,1,0.9682,1
108.37,16,restaurant,5.7,0,0,1,0.0905,0
17.37,16,online_retail,15.9,2,0,1,0.1206,0
20.35,15,grocery,12.9,2,0,1,0.0975,0
53.14,7,atm,5.3,1,0,1,0.0844,0
15.14,7,restaurant,36.0,2,0,1,0.1116,0
30.56,11,restaurant,0.2,3,0,1,0.0726,0
62.15,12,grocery,9.8,2,0,0,0.0773,0
37.52,9,electronics,15.7,2,0,0,0.1018,0
100.08,4,jewelry,203.5,4,1,0,0.9699,1
27.24,20,restaurant,0.9,1,0,1,0.1129,0
17.29,18,online_retail,5.4,1,0,1,0.1053,0
419.33,11,jewelry,1.0,1,0,1,0.0757,0
85.49,7,fuel,21.8,0,0,1,0.0722,0
58.55,0,jewelry,17.0,6,1,0,0.8541,1
61.97,16,restaurant,5.7,2,0,0,0.0959,0
13.54,15,fuel,5.8,1,0,1,0.0994,0
33.54,13,grocery,24.8,0,0,1,0.1145,0
24.52,8,restaurant,2.4,3,0,1,0.1912,0
60.22,8,grocery,18.4,0,1,1,0.1283,0
119.27,21,grocery,1.0,0,0,1,0.0688,0
10.59,17,restaurant,2.7,3,0,0,0.0799,0
8.45,21,grocery,7.5,2,0,0,0.0811,0
44.12,17,online_retail,2.0,2,0,0,0.0996,0
123.99,12,online_retail,1.9,2,0,0,0.0981,0
45.89,20,fuel,1.9,0,0,1,0.102,0
43.89,14,grocery,2.7,3,0,1,0.0991,0
66.98,10,fuel,6.2,4,0,1,0.0581,0
45.1,1,travel,660.2,9,0,0,0.9685,0
68.07,8,grocery,12.7,3,0,1,0.0564,0
200.37,18,restaurant,12.7,3,0,0,0.1555,0
132.35,12,grocery,17.4,1,0,1,0.103,0
8.52,10,fuel,39.4,1,0,1,0.0353,0
139.46,15,atm,8.5,1,0,1,0.0933,0
67.1,22,fuel,20.4,2,0,0,0.0584,0
15.24,17,travel,1.2,2,0,1,0.0912,0
15.31,14,grocery,2.6,2,0,0,0.0955,0
35.18,16,atm,17.6,0,0,1,0.1044,0
82.72,17,grocery,5.1,1,0,0,0.1068,0
39.67,16,travel,8.6,2,0,1,0.0927,0
23.95,9,fuel,24.5,1,0,0,0.0745,0
19.07,13,grocery,43.3,2,0,1,0.0369,0
31.85,12,online_retail,12.6,2,0,0,0.0885,0
21.01,10,grocery,7.1,2,0,1,0.0968,0
10.28,21,grocery,22.1,1,0,1,0.0662,0
64.28,15,fuel,4.9,0,0,1,0.0924,0
100.82,9,jewelry,9.7,1,0,0,0.0692,0
63.65,11,fuel,2.8,4,0,1,0.0851,0
19.07,13,restaurant,11.6,2,0,1,0.1065,0
103.77,20,grocery,4.6,4,0,1,0.1059,0
37.75,22,grocery,0.4,4,0,1,0.0483,0
16.94,14,grocery,10.0,3,0,1,0.0861,0
23.2,22,atm,16.4,2,0,1,0.0661,1
186.09,19,restaurant,0.2,1,0,1,0.0584,0
96.5,15,restaurant,32.9,4,0,1,0.0733,0
86.59,8,fuel,4.9,0,0,1,0.0992,0
31.1,20,grocery,4.5,2,0,1,0.112,0
31.28,17,electronics,35.6,0,0,0,0.1059,0
73.6,16,online_retail,8.9,3,0,0,0.0799,0
27.45,16,restaurant,12.9,1,0,1,0.0959,0
12.84,18,fuel,8.8,1,0,1,0.0841,0
11.22,19,online_retail,2.0,3,0,0,0.0797,0
4.14,22,restaurant,14.8,3,0,0,0.0482,0
21.66,7,grocery,53.7,1,0,0,0.0217,0
46.5,17,atm,0.1,2,0,1,0.0557,0
5.15,8,fuel,0.7,2,0,1,0.3033,0
37.61,10,atm,21.7,2,0,1,0.0817,0
26.42,14,online_retail,30.8,3,1,0,0.0843,0
13.88,15,fuel,0.4,0,0,0,0.0715,0
22.6,10,grocery,11.3,3,0,0,0.0753,0
70.29,16,grocery,23.5,2,0,1,0.1097,0
67.97,15,electronics,12.7,1,0,1,0.119,0
90.56,17,jewelry,6.0,1,0,1,0.0957,0
49.34,11,grocery,1.6,1,0,1,0.1022,0
24.14,10,restaurant,31.2,0,1,1,0.0507,0
107.95,7,restaurant,13.2,0,0,0,0.0872,0
27.79,16,fuel,13.6,1,0,1,0.0959,0
75.91,20,restaurant,1.2,1,0,1,0.0861,0
28.1,18,grocery,15.5,1,0,1,0.1133,0
75.85,9,online_retail,4.5,1,0,0,0.2486,0
68.12,18,grocery,3.5,5,0,1,0.0724,0
73.35,13,grocery,15.3,1,0,1,0.0994,0
73.68,9,electronics,8.1,3,0,0,0.1241,0
465.25,14,online_retail,6.4,1,0,1,0.3893,0
228.69,11,travel,1.7,2,0,1,0.1636,0
14.9,17,grocery,9.7,3,0,1,0.0853,0
72.24,14,online_retail,15.3,1,0,1,0.0985,0
122.36,9,grocery,30.2,1,0,1,0.046,0
15.49,19,grocery,5.9,2,0,1,0.1115,0
9.96,19,restaurant,0.1,1,0,1,0.0654,0
118.0,10,fuel,1.1,0,0,1,0.058,0
50.0,16,fuel,0.3,2,0,1,0.0637,0
100.65,22,grocery,15.4,3,0,1,0.1067,0
155.06,20,online_retail,3.9,1,0,1,0.0818,0
70.48,12,fuel,4.7,0,0,1,0.0963,0
157.05,14,online_retail,9.9,1,0,0,0.0822,0
58.42,17,fuel,36.6,3,0,0,0.0764,0
75.88,18,restaurant,37.3,1,0,1,0.166,0
88.0,0,online_retail,12.9,5,0,0,0.9569,1
153.52,22,restaurant,32.8,1,0,1,0.1016,0
16.39,15,restaurant,16.8,1,0,1,0.11,0
26.15,12,grocery,19.7,1,0,1,0.1357,0
35.1,22,restaurant,31.3,0,0,1,0.0504,0
78.42,19,online_retail,25.8,0,0,0,0.1272,0
70.01,12,grocery,13.4,1,0,1,0.0846,0
13.8,21,grocery,3.2,0,0,0,0.1,0
120.79,21,grocery,13.7,4,0,0,0.2067,0
10.97,11,online_retail,9.2,1,0,0,0.0633,0
31.62,9,electronics,12.4,1,0,1,0.0821,0
126.53,18,grocery,0.0,4,0,1,0.0417,0
9.23,21,restaurant,0.6,2,0,1,0.0655,0
21.75,20,grocery,5.6,3,0,0,0.1288,0
16.76,14,restaurant,40.6,1,0,1,0.0365,0
211.07,14,restaurant,36.7,1,0,0,0.2408,0
23.07,22,grocery,1.2,3,0,1,0.0775,0
78.81,22,restaurant,9.6,0,0,0,0.0552,0
169.64,20,grocery,3.4,1,0,1,0.0942,0
72.47,16,restaurant,0.3,3,0,1,0.0735,0
62.1,7,online_retail,16.6,2,0,1,0.0545,0
10.73,14,online_retail,5.5,4,0,0,0.0829,0
4.54,10,online_retail,24.1,0,0,0,0.0517,0
66.3,14,restaurant,11.6,1,0,0,0.0853,0
207.0,20,grocery,35.3,1,1,1,0.0755,0
14.83,11,atm,2.5,0,0,0,0.1051,0
429.6,18,grocery,23.8,0,1,1,0.2439,0
1.64,16,restaurant,33.1,3,0,1,0.0669,0
20.46,22,restaurant,0.3,2,0,1,0.0654,0
18.23,8,fuel,6.8,2,0,1,0.1609,0
60.51,15,restaurant,7.2,0,0,0,0.0924,0
38.0,19,restaurant,47.1,1,0,1,0.0385,0
84.58,8,electronics,22.8,3,0,1,0.0443,0
244.86,13,grocery,7.6,1,0,1,0.0737,0
478.48,15,atm,43.0,12,0,1,0.9591,1
39.83,13,fuel,3.5,1,0,1,0.0991,0
28.21,18,grocery,4.2,1,0,0,0.1081,0
13.2,14,restaurant,26.0,4,0,1,0.0996,0
14.16,12,online_retail,44.4,4,0,1,0.0882,0
113.81,10,online_retail,34.8,1,0,1,0.0436,0
8.85,18,travel,18.9,4,0,1,0.1734,0
51.07,18,grocery,2.8,1,0,1,0.0913,0
51.99,22,grocery,0.1,1,0,0,0.0547,0
14.8,9,restaurant,0.6,1,0,0,0.1038,0
90.42,22,atm,249.2,7,1,0,0.9682,0
35.12,19,restaurant,13.8,3,0,0,0.1015,0
34.89,21,online_retail,5.8,3,0,1,0.1346,0
20.56,18,fuel,2.5,1,0,1,0.2341,0
21.18,18,travel,12.4,0,0,1,0.0995,0
23.36,14,electronics,19.0,1,0,1,0.1665,0
12.54,11,grocery,1.9,5,0,1,0.0498,0
21.57,17,online_retail,16.5,1,0,1,0.1353,0
67.28,12,restaurant,5.8,0,0,1,0.092,0
192.85,23,online_retail,146.6,3,1,0,0.9681,1
52.17,22,grocery,4.3,0,0,1,0.0996,0
109.97,11,fuel,12.7,0,0,1,0.0991,0
602.04,19,grocery,19.1,1,1,1,0.329,0
3.98,18,online_retail,7.0,2,0,1,0.2185,0
47.46,15,grocery,4.4,0,0,1,0.1521,0
10.53,18,restaurant,5.3,1,0,1,0.085,0
26.57,21,grocery,66.3,1,0,1,0.0329,0
413.89,2,travel,174.8,3,0,0,0.9695,1
16.01,11,restaurant,4.6,3,0,1,0.1039,0
59.87,9,grocery,14.4,2,0,1,0.0612,0
73.97,21,online_retail,3.9,2,0,0,0.1081,0
17.43,11,restaurant,1.2,1,0,0,0.1395,0
79.42,13,electronics,12.7,0,0,1,0.0803,0
21.19,17,travel,3.9,0,1,1,0.115,0
27.29,16,restaurant,5.7,0,0,1,0.1145,0
64.59,15,grocery,14.5,1,0,1,0.1099,0
37.6,9,restaurant,4.8,0,0,1,0.1406,0
15.81,20,restaurant,8.4,0,0,0,0.1065,0
43.82,13,online_retail,5.4,1,0,1,0.1417,0
54.99,14,fuel,10.3,2,0,1,0.0839,0
37.53,9,online_retail,8.4,2,0,1,0.0865,1
122.58,15,online_retail,14.3,4,0,1,0.3525,0
21.45,19,grocery,10.2,3,0,1,0.1039,0
276.62,10,electronics,23.5,1,0,1,0.058,0
150.06,12,grocery,7.5,1,0,0,0.0969,0
6.83,17,fuel,6.8,2,0,1,0.115,0
182.1,18,restaurant,0.1,1,0,1,0.0561,0
31.2,7,fuel,13.7,1,0,0,0.0844,0
46.85,22,online_retail,8.1,0,0,0,0.0531,0
41.34,22,grocery,5.6,1,0,1,0.0843,0
3.69,20,atm,1.3,0,0,1,0.2515,0
4.86,13,electronics,11.4,0,0,1,0.0881,0
27.42,14,travel,18.3,4,0,0,0.0857,0
16.91,15,grocery,25.4,0,0,1,0.1267,0
33.17,12,restaurant,3.2,2,0,1,0.1268,0
117.13,22,atm,39.9,2,0,1,0.0337,0
237.8,0,online_retail,155.4,11,0,0,0.9693,0
46.81,14,restaurant,0.5,1,0,1,0.0663,0
8.48,7,grocery,3.7,1,0,1,0.1225,0
351.55,3,travel,160.3,8,1,0,0.9693,1
47.05,19,fuel,3.5,2,1,1,0.1333,0
72.64,11,online_retail,5.5,1,0,1,0.102,0
106.8,19,restaurant,1.9,2,0,1,0.0787,0
73.4,9,grocery,23.2,1,0,1,0.0611,0
54.0,21,grocery,37.7,1,0,1,0.0375,0
122.82,20,grocery,20.8,1,0,0,0.1219,0
119.23,19,atm,28.6,0,0,0,0.0777,0
26.42,22,fuel,17.1,1,0,1,0.0783,0
7.92,18,online_retail,4.0,1,0,1,0.0865,0
22.54,18,restaurant,38.9,5,0,1,0.2224,0
64.04,22,fuel,19.1,1,0,0,0.0694,0
307.21,19,restaurant,35.5,3,0,1,0.1046,0
39.54,21,grocery,11.2,1,0,1,0.1654,0
22.39,15,online_retail,26.1,2,0,1,0.1251,0
37.43,11,grocery,17.5,0,0,1,0.0954,0
42.28,20,restaurant,4.1,7,0,0,0.4449,0
30.04,19,electronics,0.5,2,0,1,0.0778,0
60.87,21,atm,8.6,1,0,1,0.1271,0
293.06,8,grocery,2.7,0,0,1,0.091,0
65.59,15,atm,2.5,2,0,1,0.086,0
38.53,7,grocery,1.9,2,0,1,0.1158,0
37.36,19,fuel,2.1,0,0,1,0.0951,0
239.8,14,fuel,4.9,2,0,1,0.0902,0
15.07,17,restaurant,3.2,2,0,1,0.0962,0
35.44,17,online_retail,10.4,1,0,1,0.1149,0
18.42,9,restaurant,15.5,0,0,1,0.1319,0
17.95,17,fuel,5.2,2,0,0,0.1075,0
6.84,11,restaurant,28.1,0,0,1,0.0891,0
20.42,10,atm,2.4,2,0,1,0.0903,0
53.58,18,grocery,0.6,1,0,1,0.0677,0
113.43,14,atm,3.4,0,0,0,0.0795,0
302.87,0,electronics,164.6,5,1,1,0.9693,1
86.6,19,grocery,6.9,2,0,1,0.0847,0
10.09,22,online_retail,34.3,1,0,1,0.0412,0
21.7,14,travel,1.6,1,0,1,0.1018,0
21.92,22,online_retail,33.5,1,0,0,0.0629,0
79.0,17,online_retail,24.8,3,0,1,0.156,0
87.6,7,online_retail,2.5,3,0,0,0.0851,0
7.16,15,online_retail,16.3,3,0,1,0.0815,0
121.39,18,grocery,9.9,1,0,0,0.079,0
97.65,13,electronics,13.1,2,0,0,0.0684,0
21.56,14,online_retail,7.3,3,0,1,0.1093,0
99.58,18,travel,14.0,2,0,1,0.1466,0
88.77,13,electronics,8.2,1,0,0,0.0781,0
26.29,17,grocery,10.7,1,0,0,0.1039,0
17.49,13,online_retail,6.8,1,0,1,0.1085,0
31.81,14,atm,1.5,0,0,1,0.1077,0
14.62,11,online_retail,6.4,5,0,1,0.1568,0
20.18,17,restaurant,12.1,0,0,1,0.1049,0
855.18,23,atm,824.8,2,0,0,0.9677,1
9.28,19,grocery,4.0,0,0,1,0.0795,0
1052.85,3,travel,175.7,8,0,0,0.9693,1
25.11,8,grocery,19.4,1,0,1,0.1018,0
176.09,15,grocery,10.5,0,0,1,0.1002,0
51.54,12,restaurant,1.8,0,0,1,0.0985,0
22.49,17,grocery,13.6,3,1,1,0.0858,0
190.44,21,fuel,0.0,0,0,1,0.0619,0
549.26,0,online_retail,194.5,5,0,0,0.9693,1
42.2,19,grocery,2.9,4,0,1,0.0957,0
37.44,21,restaurant,15.9,1,0,1,0.0814,0
77.49,11,grocery,12.8,3,0,1,0.0783,0
124.4,8,grocery,13.1,1,0,1,0.052,0
19.87,17,atm,14.5,0,0,0,0.1238,0
326.2,17,atm,12.2,2,0,0,0.2402,0
34.74,13,grocery,9.6,1,0,1,0.0881,0
7.59,22,restaurant,4.0,3,0,1,0.0575,0
271.62,3,atm,277.1,6,1,1,0.9693,1
12.56,15,grocery,34.5,2,0,0,0.0956,0
21.02,14,grocery,6.3,0,0,1,0.1499,0
98.05,15,online_retail,18.5,2,0,1,0.0747,0
9.08,20,electronics,20.9,2,0,1,0.1916,0
377.03,16,restaurant,9.2,2,0,0,0.1137,0
24.97,8,restaurant,42.5,1,0,1,0.0249,0
9.47,8,restaurant,22.9,1,0,0,0.0603,0
25.02,14,online_retail,4.6,1,1,1,0.0833,0
20.05,8,online_retail,15.4,3,0,0,0.0765,0
12.26,9,restaurant,7.0,2,0,1,0.1475,0
35.86,11,restaurant,1.8,1,0,1,0.1343,0
28.29,12,restaurant,0.3,1,0,1,0.0768,0
388.88,23,online_retail,462.3,4,0,0,0.9694,1
24.72,16,grocery,2.3,3,0,1,0.1018,0
18.23,13,atm,5.3,1,0,1,0.1412,0
9.15,11,grocery,19.9,2,0,0,0.0768,0
3.97,17,grocery,15.6,0,0,1,0.0762,0
67.37,8,online_retail,14.4,0,0,1,0.1274,0
56.71,15,fuel,2.2,1,0,0,0.0958,0
33.23,13,restaurant,10.4,2,0,1,0.0953,0
36.46,10,restaurant,9.0,0,0,1,0.0783,0
8.32,12,electronics,9.5,3,0,0,0.065,0
69.0,12,fuel,8.6,3,0,0,0.087,0
13.11,19,restaurant,11.0,0,0,0,0.091,0
98.05,8,atm,13.0,1,0,0,0.046,0
143.9,22,online_retail,10.8,1,0,0,0.1515,0
38.89,12,grocery,4.1,2,0,0,0.1047,0
72.39,19,atm,10.7,3,0,1,0.1108,0
13.31,14,grocery,14.8,1,0,1,0.1049,0
3.92,9,grocery,35.8,1,0,1,0.1934,0
2.64,8,restaurant,33.1,5,0,1,0.0416,0
51.25,8,online_retail,16.8,1,0,1,0.0701,0
11.07,7,restaurant,2.8,3,0,1,0.1031,0
103.25,20,electronics,1.5,1,0,0,0.0818,0
8.58,21,online_retail,2.2,1,0,1,0.0838,0
139.46,11,grocery,4.8,2,0,1,0.1092,0
123.13,19,grocery,2.8,3,0,1,0.0787,0
43.88,7,fuel,15.3,1,0,1,0.1387,0
93.3,10,atm,9.5,3,0,1,0.0519,0
6.69,7,grocery,7.4,1,0,1,0.2032,0
42.64,17,fuel,4.3,4,1,1,0.1202,0
272.88,15,travel,71.5,0,0,0,0.9443,0
19.11,17,online_retail,35.7,2,0,1,0.1887,0
54.96,7,restaurant,1.7,0,0,0,0.1083,0
174.61,7,fuel,22.5,0,0,1,0.0749,0
17.83,13,grocery,4.3,1,0,0,0.1016,0
10.57,18,online_retail,0.5,1,0,1,0.0853,0
23.63,15,online_retail,0.9,0,0,1,0.1091,0
24.34,18,online_retail,11.0,2,0,0,0.1295,0
8.01,11,online_retail,17.9,2,0,1,0.0698,0
75.34,8,grocery,19.2,0,0,1,0.1249,0
51.82,9,grocery,3.4,1,0,0,0.2,0
197.81,16,atm,6.9,1,0,0,0.0938,0
40.87,14,online_retail,13.1,2,0,1,0.0815,0
21.73,18,online_retail,1.6,2,0,1,0.092,0
220.7,17,restaurant,1.6,1,0,1,0.1009,0
14.87,10,fuel,24.1,1,0,1,0.0758,0
98.86,17,electronics,2.4,3,0,1,0.0846,0
36.83,17,restaurant,9.0,5,0,1,0.0509,0
52.51,13,electronics,11.3,1,0,0,0.0749,0
52.52,22,electronics,23.5,1,0,0,0.117,0
53.2,10,online_retail,21.0,0,0,1,0.0822,0
11.62,11,restaurant,3.8,2,0,1,0.1098,0
14.21,8,fuel,11.5,2,0,1,0.088,0
9.25,20,fuel,0.4,1,0,1,0.0659,0
262.83,22,electronics,2.7,2,0,1,0.2897,0
183.36,12,fuel,7.5,1,0,1,0.0969,0
43.52,18,electronics,11.2,2,0,1,0.1592,0
160.93,23,travel,141.3,10,0,0,0.9682,1
36.78,21,grocery,38.9,4,0,1,0.0797,0
52.73,10,restaurant,22.4,3,0,0,0.0454,0
28.82,7,grocery,6.0,3,0,1,0.1276,0
49.01,16,online_retail,7.9,0,0,1,0.1035,0
16.39,22,grocery,13.0,1,0,1,0.0638,0
12.83,13,grocery,2.6,1,0,0,0.0882,0
13.46,14,fuel,6.4,0,0,0,0.0882,0
31.9,8,atm,4.8,1,0,0,0.1565,0
32.05,14,atm,20.1,0,0,1,0.1225,0
43.69,13,grocery,1.0,3,0,0,0.1189,0
9.52,11,online_retail,1.6,1,0,1,0.0806,0
39.75,20,grocery,5.9,0,0,0,0.1163,0
46.85,19,grocery,8.3,1,0,0,0.0978,0
31.67,7,restaurant,0.9,0,0,1,0.1139,0
32.86,15,grocery,27.2,3,0,1,0.2875,0
316.95,14,restaurant,5.3,0,0,1,0.0764,0
41.79,22,online_retail,5.8,6,0,0,0.3918,0
21.2,15,restaurant,11.3,2,0,1,0.1428,0
5.49,18,electronics,12.5,1,0,1,0.1597,0
59.27,13,restaurant,17.9,1,0,0,0.0934,0
116.28,16,atm,14.3,1,0,1,0.0903,0
138.3,18,electronics,33.0,1,1,0,0.129,0
12.49,11,atm,13.4,0,0,1,0.0786,0
213.16,13,fuel,17.1,1,0,1,0.1119,0
25.12,12,online_retail,40.8,0,0,1,0.0335,0
79.32,21,grocery,18.0,2,0,1,0.0628,0
158.07,19,online_retail,43.2,2,0,1,0.0451,0
24.69,22,grocery,0.8,2,0,1,0.0775,0
459.61,15,online_retail,16.6,1,0,1,0.4528,0
142.26,8,fuel,11.2,1,0,1,0.06,0
344.93,15,atm,105.7,8,1,0,0.9682,0
77.75,8,fuel,4.2,2,0,0,0.1593,0
43.29,16,restaurant,0.3,0,1,0,0.0792,0
19.94,8,grocery,6.8,2,0,0,0.1975,0
163.74,14,grocery,28.6,1,0,1,0.0912,0
91.86,10,electronics,11.9,2,1,1,0.0475,0
45.08,23,online_retail,4.0,4,1,0,0.5519,1
170.07,8,restaurant,0.0,2,0,1,0.0733,0
6.18,14,online_retail,21.8,5,0,1,0.1852,0
12.64,20,grocery,24.6,0,0,1,0.1033,0
23.98,19,atm,2.0,2,0,0,0.1008,0
23.32,22,travel,6.5,1,0,1,0.0867,0
17.79,10,online_retail,19.5,1,0,1,0.0799,0
177.0,11,atm,4.2,2,0,1,0.0877,0
185.96,21,grocery,10.2,3,0,1,0.1416,0
43.3,10,atm,32.5,0,0,0,0.0762,0
10.59,20,restaurant,8.0,0,0,1,0.0746,0
6.17,14,online_retail,18.2,0,0,1,0.0886,1
39.27,15,jewelry,108.4,3,0,0,0.7154,1
173.34,9,fuel,0.4,1,0,0,0.1196,0
36.64,12,grocery,10.5,1,0,1,0.0967,0
147.87,21,electronics,54.2,1,0,0,0.1085,0
898.03,15,online_retail,18.6,8,1,1,0.9538,1
16.15,16,electronics,5.3,1,0,1,0.1142,0
446.22,22,grocery,4.0,0,0,1,0.2238,0
37.61,11,travel,0.6,0,0,1,0.0666,0
108.48,7,restaurant,16.4,3,0,1,0.0436,0
33.21,16,grocery,4.5,1,1,1,0.1124,0
23.31,7,restaurant,17.0,2,0,1,0.0766,0
23.51,10,online_retail,8.4,0,0,1,0.0676,0
10.16,20,fuel,5.0,1,0,0,0.0937,0
26.66,11,grocery,1.8,1,0,0,0.1203,0
21.18,10,online_retail,17.6,1,0,0,0.0779,0
28.81,13,grocery,13.4,1,0,1,0.0967,0
31.63,16,travel,2.8,2,0,0,0.0965,0
23.11,9,grocery,6.5,1,0,1,0.1724,0
109.49,0,electronics,280.9,11,0,0,0.9693,1
53.48,11,restaurant,5.5,0,0,0,0.092,0
17.53,21,grocery,27.9,2,1,1,0.0794,0
114.71,17,grocery,5.2,1,0,1,0.0998,0
60.68,21,fuel,3.8,1,0,0,0.1736,0
135.03,16,atm,14.8,1,0,1,0.1016,0
42.16,22,online_retail,8.0,3,0,1,0.0941,0
90.32,21,travel,0.1,3,0,1,0.0503,0
2.96,15,online_retail,2.7,1,0,1,0.2009,0
53.51,18,restaurant,3.2,1,0,1,0.0912,0
74.4,14,grocery,1.7,2,0,1,0.0887,0
31.97,20,fuel,12.0,1,0,1,0.1117,0
40.58,18,restaurant,17.0,1,0,1,0.1172,0
18.1,21,restaurant,6.3,2,0,1,0.1803,0
40.85,19,fuel,0.0,2,0,1,0.0705,0
42.93,14,fuel,21.3,1,0,0,0.1512,0
34.78,11,electronics,4.6,3,1,1,0.1099,0
171.12,10,fuel,10.0,4,0,1,0.0522,0
14.71,11,atm,19.9,1,0,1,0.1127,0
46.61,20,electronics,3.6,3,0,1,0.1543,0
43.52,8,grocery,5.1,2,0,0,0.2572,0
49.94,10,grocery,10.6,1,0,1,0.0602,0
39.55,22,grocery,13.8,0,1,1,0.0833,0
63.3,16,restaurant,16.0,4,0,1,0.0729,0
69.76,19,electronics,3.2,2,0,1,0.0892,0
71.53,12,grocery,26.9,0,0,1,0.1018,0
9.03,20,atm,2.2,1,0,0,0.0841,0
45.87,0,travel,185.4,7,1,0,0.9685,0
22.0,18,fuel,11.2,1,0,1,0.1039,0
13.66,16,online_retail,0.1,2,0,1,0.0801,0
3.74,7,online_retail,15.9,4,0,1,0.0642,0
44.07,17,atm,14.9,2,0,1,0.1168,0
20.9,20,grocery,7.1,2,0,1,0.1328,0
161.43,18,online_retail,19.8,1,0,0,0.1765,0
21.8,10,fuel,1.2,0,0,1,0.1333,0
44.01,20,online_retail,11.2,7,0,1,0.8498,0
25.38,8,grocery,28.8,2,0,0,0.0645,0
36.68,18,atm,15.5,0,0,1,0.1044,0
54.91,16,restaurant,34.6,1,0,0,0.0746,0
31.74,16,restaurant,6.0,2,0,1,0.1172,0
19.09,18,grocery,12.9,2,0,1,0.0975,0
3488.8,15,electronics,486.2,5,0,0,0.9682,0
94.32,0,jewelry,463.6,9,1,0,0.9693,1
9.08,13,online_retail,8.3,3,1,0,0.0622,0
212.54,20,online_retail,5.0,4,0,0,0.4319,0
14.57,20,grocery,28.0,0,0,0,0.0883,0
57.31,13,atm,54.0,0,0,1,0.0924,0
11.12,7,online_retail,14.8,2,0,1,0.092,0
105.04,7,grocery,7.9,1,0,0,0.0854,0
65.58,19,online_retail,9.7,3,0,1,0.121,0
11.4,18,restaurant,9.4,1,0,0,0.0798,0
35.06,9,fuel,6.7,3,0,1,0.1445,0
21.98,20,restaurant,16.8,3,0,1,0.0999,0
35.72,10,atm,45.7,2,0,1,0.0281,0
457.72,3,electronics,145.8,6,1,0,0.9693,1
44.81,9,online_retail,6.6,1,0,0,0.21,0
16.64,16,restaurant,0.5,1,0,1,0.0897,0
5.98,19,atm,23.2,1,0,1,0.104,0
16.22,7,atm,12.0,2,0,1,0.07,0
283.61,20,grocery,46.7,0,0,1,0.0556,0
26.41,11,grocery,52.1,2,1,0,0.0271,0
64.75,19,fuel,23.6,1,0,1,0.0845,0
31.17,11,restaurant,17.3,2,0,1,0.0825,0
30.83,13,online_retail,0.8,1,0,1,0.122,0
150.21,7,grocery,11.6,0,0,0,0.1001,0
93.83,22,online_retail,23.8,2,0,0,0.081,0
90.74,9,restaurant,2.7,1,0,1,0.1924,0
20.5,18,online_retail,2.0,1,0,1,0.2769,0
76.16,9,grocery,4.3,6,0,1,0.1248,0
133.99,21,fuel,14.2,2,0,1,0.1981,0
8.62,10,electronics,2.1,2,0,1,0.0774,0
623.92,15,restaurant,26.2,0,0,1,0.2602,0
47.78,21,fuel,1.6,3,0,1,0.0799,0
62.45,21,online_retail,11.8,0,0,1,0.0712,0
59.1,12,grocery,9.4,4,0,0,0.071,0
44.14,9,fuel,6.1,1,0,1,0.2313,0
107.54,14,online_retail,1.4,6,0,1,0.8937,0
123.45,15,grocery,28.9,1,0,0,0.2206,0
23.43,21,online_retail,14.3,1,0,1,0.0783,0
24.87,7,electronics,30.7,1,0,1,0.0568,0
7.26,14,travel,4.3,1,0,1,0.0878,0
23.27,9,fuel,13.1,2,0,0,0.0831,0
95.09,7,travel,30.8,0,0,0,0.0614,0
192.07,16,atm,8.7,1,0,1,0.078,0
47.32,12,restaurant,16.4,2,0,0,0.0815,0
104.34,2,atm,136.2,4,1,1,0.9699,1
69.6,11,grocery,0.2,1,0,1,0.0796,0
18.61,18,online_retail,1.0,3,0,1,0.0885,0
30.64,22,grocery,11.6,3,0,1,0.0793,0
6.02,13,restaurant,12.0,0,0,0,0.0819,0
41.17,21,travel,76.5,2,0,0,0.3859,0
451.52,15,electronics,98.0,8,1,0,0.9682,1
47.32,14,restaurant,0.3,1,0,0,0.0662,0
6.36,22,electronics,2.8,1,0,1,0.235,0
80.44,13,electronics,6.5,1,0,1,0.1067,0
102.76,21,online_retail,2.6,3,1,1,0.0858,0
54.93,11,restaurant,19.3,0,0,0,0.1096,0
34.22,10,grocery,7.1,1,0,1,0.0883,0
28.46,12,atm,0.7,0,0,0,0.0854,0
19.91,11,fuel,2.3,2,0,1,0.1171,0
16.04,9,online_retail,32.2,0,0,1,0.073,0
35.08,21,atm,18.1,1,0,1,0.0814,0
107.17,20,online_retail,18.7,1,0,1,0.1243,0
106.32,0,online_retail,93.5,5,0,0,0.9693,0
76.96,20,grocery,12.8,2,0,0,0.1023,0
129.05,7,restaurant,39.9,1,0,1,0.0219,0
66.73,7,grocery,11.2,1,0,1,0.0641,0
14.96,17,grocery,28.5,2,0,1,0.1414,0
14.12,17,electronics,20.4,1,0,0,0.1233,0
120.78,18,grocery,59.5,1,0,1,0.0745,0
97.09,21,grocery,1.5,2,0,1,0.0691,0
26.51,15,grocery,8.3,0,0,1,0.0997,0
21.78,16,atm,1.3,2,0,1,0.111,0
67.79,20,fuel,9.1,0,0,1,0.1209,0
13.77,11,online_retail,0.8,2,0,1,0.0742,0
79.46,12,fuel,10.1,2,0,1,0.0823,0
8.93,9,atm,41.0,0,0,1,0.05,0
13.73,7,grocery,7.3,1,0,1,0.1277,0
216.62,12,restaurant,5.8,3,0,1,0.1043,0
17.0,8,restaurant,1.6,1,0,0,0.2188,0
67.29,13,atm,20.4,1,0,1,0.0964,0
28.45,16,grocery,4.1,0,0,1,0.0994,0
20.82,17,atm,12.8,0,0,0,0.1049,0
19.31,19,fuel,11.3,0,0,1,0.1179,0
32.91,21,restaurant,7.8,2,0,1,0.2352,0
102.57,8,restaurant,1.7,4,0,1,0.0942,0
245.96,23,atm,91.5,7,1,0,0.9697,1
13.55,13,travel,0.3,2,0,1,0.0581,0
74.08,11,grocery,7.7,3,1,1,0.0769,0
41.69,16,grocery,2.0,2,0,1,0.1102,0
7.91,22,grocery,1.6,1,0,1,0.0686,0
21.14,15,jewelry,4.9,1,0,1,0.1646,0
41.42,9,electronics,1.2,0,0,1,0.2276,0
72.91,19,travel,8.9,2,1,1,0.1956,0
85.72,10,travel,18.6,4,0,1,0.3136,0
169.09,9,electronics,8.0,2,0,0,0.1182,0
73.18,9,restaurant,80.3,3,1,1,0.5128,0
41.6,16,restaurant,19.0,3,0,1,0.1627,0
52.77,14,online_retail,0.4,0,0,1,0.0523,0
46.31,19,fuel,15.2,2,0,1,0.1044,0
41.25,15,restaurant,17.9,0,0,1,0.1238,0
107.46,10,atm,2.2,0,0,0,0.0663,0
40.94,21,online_retail,10.9,2,0,1,0.1292,0
48.96,9,grocery,2.5,2,0,1,0.1533,0
293.2,16,electronics,1.1,2,0,1,0.0771,0
85.12,13,restaurant,6.7,0,0,0,0.0955,0
21.03,8,restaurant,1.0,2,0,0,0.1824,0
42.74,7,restaurant,4.5,2,0,1,0.2029,0
10.24,8,grocery,9.8,2,0,0,0.0802,0
52.64,16,online_retail,5.1,2,0,1,0.1127,0
137.21,10,restaurant,3.8,1,0,1,0.087,0
26.44,13,fuel,3.1,0,0,0,0.0987,0
283.53,19,restaurant,10.5,2,0,1,0.0884,0
151.76,20,grocery,10.3,0,0,1,0.0809,0
322.01,3,jewelry,502.3,2,0,0,0.9692,1
57.67,12,atm,6.7,0,0,1,0.1122,0
17.14,7,online_retail,16.6,1,0,0,0.0785,0
18.45,7,restaurant,5.8,2,0,0,0.1409,0
30.67,18,grocery,18.8,2,0,0,0.1283,0
44.57,12,fuel,4.1,2,0,1,0.1575,0
27.36,18,grocery,25.3,1,0,1,0.133,0
7.41,14,restaurant,2.8,1,0,1,0.0927,0
16.83,13,fuel,2.0,0,0,1,0.1281,0
169.51,11,online_retail,3.8,1,0,1,0.1104,0
100.26,15,travel,5.7,0,0,1,0.091,0
102.42,1,online_retail,7.2,13,0,0,0.9652,1
43.36,16,online_retail,16.9,1,0,0,0.0976,0
15.31,11,fuel,6.4,2,0,1,0.1058,0
58.86,10,travel,3.5,1,0,0,0.1151,0
103.6,18,restaurant,9.3,2,0,1,0.0723,0
27.93,20,online_retail,20.5,1,0,1,0.1599,0
22.98,11,electronics,25.1,3,0,0,0.1125,0
21.23,7,restaurant,10.2,1,0,0,0.1075,0
59.39,8,restaurant,9.1,0,0,0,0.1148,0
34.58,15,grocery,9.0,6,0,1,0.1676,0
21.78,21,fuel,17.2,1,0,0,0.0786,0
92.85,12,grocery,2.1,1,0,1,0.0975,0
105.29,13,grocery,12.0,0,0,1,0.0743,0
33.35,21,electronics,1.6,2,0,0,0.079,0
34.47,21,atm,8.8,2,0,1,0.1502,0
84.03,22,electronics,12.3,1,0,1,0.1508,0
93.82,16,restaurant,20.2,0,0,0,0.0923,0
45.65,11,online_retail,4.6,2,1,1,0.1204,0
4.58,22,fuel,9.2,2,0,0,0.222,0
8.52,11,fuel,16.7,2,0,1,0.098,0
104.0,17,online_retail,16.0,2,0,0,0.0793,0
65.38,7,restaurant,2.5,2,0,1,0.1244,0
14.8,19,restaurant,0.5,0,0,1,0.1,0
54.05,20,electronics,1.0,1,0,0,0.0965,0
67.38,16,fuel,0.3,2,0,0,0.0735,0
60.91,8,grocery,3.1,0,0,1,0.1231,0
8.69,22,grocery,5.3,1,0,1,0.0695,0
30.47,9,grocery,8.0,2,0,0,0.2078,0
104.56,9,restaurant,17.9,1,0,0,0.0652,0
114.82,15,fuel,26.2,1,0,1,0.1185,0
33.34,8,restaurant,6.4,4,0,1,0.1212,0
21.34,8,grocery,20.2,0,0,1,0.1596,0
81.08,22,grocery,33.1,3,0,1,0.0444,0
38.49,15,grocery,6.9,2,0,1,0.1082,0
58.41,11,online_retail,44.2,0,0,1,0.0342,0
13.57,9,restaurant,5.0,2,0,1,0.1475,0
17.37,15,restaurant,2.0,2,0,1,0.097,0
169.92,7,restaurant,4.3,1,0,1,0.0898,0
269.91,22,travel,51.2,1,1,1,0.085,0
28.66,19,grocery,1.5,1,0,0,0.1121,0
56.85,12,online_retail,4.9,1,0,1,0.0959,0
29.76,20,restaurant,9.6,0,0,1,0.0982,0
118.31,12,restaurant,1.9,1,0,0,0.1183,0
11.54,16,grocery,6.6,1,0,1,0.0994,0
31.21,14,travel,12.7,0,0,1,0.0894,0
33.85,18,fuel,3.6,1,0,0,0.0997,0
138.36,8,restaurant,9.8,1,0,1,0.0566,0
55.01,7,grocery,6.5,1,0,0,0.1058,0
74.93,22,online_retail,6.2,1,0,0,0.0697,0
5.59,19,online_retail,41.1,2,0,1,0.1381,0
16.81,11,grocery,25.6,0,0,1,0.0978,0
523.77,15,jewelry,129.3,8,0,1,0.9682,1
17.44,7,grocery,3.7,2,0,0,0.1338,0
37.44,15,grocery,32.7,1,0,1,0.1202,0
11.79,10,fuel,11.9,0,0,1,0.069,0
54.53,14,grocery,4.2,1,0,0,0.0908,0
63.57,17,online_retail,13.0,2,0,0,0.1101,1
18.99,20,grocery,16.2,0,0,1,0.1283,0
407.16,15,jewelry,13.8,6,1,0,0.926,1
2.73,14,online_retail,1.2,2,0,0,0.4937,0
110.96,19,restaurant,13.5,3,0,1,0.1221,0
23.53,15,online_retail,27.4,0,0,1,0.1296,0
29.32,12,grocery,0.1,0,0,1,0.0708,0
8.0,8,grocery,4.7,2,0,1,0.1401,0
26.25,17,restaurant,0.4,3,0,1,0.0749,0
52.06,12,travel,10.0,3,0,1,0.1078,0
17.9,9,grocery,5.2,3,0,1,0.1553,0
70.62,11,online_retail,1.0,1,0,1,0.1215,0
53.49,11,restaurant,9.7,3,0,1,0.0785,0
34.33,16,travel,14.1,1,0,1,0.0992,0
97.42,15,restaurant,11.0,1,0,0,0.0984,0
16.72,7,travel,1.5,2,0,0,0.1447,0
86.25,17,grocery,3.3,2,0,1,0.0846,0
42.6,12,electronics,3.4,1,0,1,0.1829,0
64.13,20,online_retail,6.3,1,0,0,0.0917,0
41.97,10,online_retail,6.3,5,0,1,0.2387,0
13.95,15,online_retail,3.2,1,0,0,0.0825,0
48.71,18,grocery,3.0,0,0,1,0.1036,0
64.34,11,grocery,0.5,1,0,1,0.0792,0
122.13,17,online_retail,3.0,1,0,1,0.0873,0
53.53,12,travel,37.2,3,0,1,0.0746,0
57.02,13,restaurant,12.9,2,0,1,0.0773,0
8.04,16,atm,13.5,2,0,1,0.0828,0
25.43,10,online_retail,14.3,0,0,1,0.0769,0
29.68,12,online_retail,1.5,1,0,1,0.2579,0
39.12,19,atm,13.1,2,0,0,0.1015,0
114.36,21,restaurant,14.0,1,0,1,0.2273,0
44.12,18,restaurant,14.6,1,0,1,0.137,0
21.55,11,restaurant,4.6,0,0,1,0.111,0
9.0,11,online_retail,20.0,0,1,1,0.0711,0
49.14,19,atm,2.0,1,0,1,0.0865,0
12.07,20,electronics,5.3,0,0,1,0.0988,0
38.94,18,grocery,5.2,1,0,0,0.1149,0
20.17,14,fuel,25.4,0,0,1,0.1327,0
22.06,19,grocery,9.1,0,0,0,0.178,0
50.53,21,grocery,9.4,1,0,1,0.1565,0
17.38,14,fuel,21.3,2,0,1,0.2836,0
10.67,19,restaurant,2.3,2,0,1,0.083,0
7.15,20,online_retail,21.0,1,0,1,0.2518,0
24.48,19,grocery,20.4,2,0,1,0.1146,0
150.17,12,online_retail,57.7,4,1,0,0.8043,1
38.41,14,grocery,3.7,1,0,0,0.0991,0
97.16,19,grocery,29.4,2,0,1,0.1282,0
95.81,21,grocery,18.7,1,1,1,0.1422,0
293.76,3,electronics,3.5,3,1,0,0.865,0
31.85,19,restaurant,5.9,0,1,0,0.1082,0
97.37,11,jewelry,3.7,0,0,1,0.0815,0
8.48,13,travel,6.5,0,0,0,0.08,0
17.25,21,restaurant,4.1,4,0,1,0.1329,0
70.15,18,electronics,12.4,2,0,1,0.0829,0
36.49,14,fuel,1.4,0,0,1,0.1096,0
74.38,11,online_retail,3.3,1,0,1,0.1401,0
13.82,11,restaurant,4.2,4,0,0,0.0933,0
26.74,11,grocery,11.2,2,1,0,0.0881,0
17.19,15,atm,2.7,4,0,0,0.0852,0
769.09,8,grocery,20.0,2,0,1,0.2572,0
166.3,2,travel,257.8,6,1,0,0.9693,1
18.32,17,grocery,21.8,0,0,1,0.2115,0
50.03,9,electronics,16.0,2,0,0,0.0641,0
365.01,22,grocery,30.3,1,0,1,0.7268,0
81.7,13,restaurant,1.8,0,0,1,0.0821,0
123.03,0,electronics,279.1,10,0,0,0.9693,1
113.84,8,electronics,3.2,2,0,1,0.1195,0
40.77,10,fuel,4.0,1,0,1,0.0867,0
107.79,10,fuel,1.2,2,0,1,0.0583,0
45.05,8,travel,8.2,1,0,0,0.1534,0
18.13,9,travel,36.3,0,0,1,0.1067,0
12.4,14,grocery,13.2,0,0,0,0.0864,0
223.31,15,grocery,12.5,1,0,1,0.111,0
59.87,11,grocery,5.4,2,0,1,0.0955,0
120.02,15,electronics,0.9,2,0,1,0.0711,0
24.13,8,fuel,8.8,0,0,1,0.1496,0
90.24,20,online_retail,8.5,3,0,0,0.084,0
393.16,11,grocery,5.1,0,0,1,0.1672,0
66.55,19,electronics,3.1,3,0,0,0.0892,0
302.94,7,atm,5.9,2,0,1,0.0683,0
8.41,22,atm,0.9,3,0,0,0.0542,0
122.19,8,online_retail,2.4,2,0,1,0.1132,0
12.07,13,grocery,25.9,1,0,1,0.121,0
41.69,13,fuel,18.0,2,0,1,0.1395,0
242.51,1,atm,456.6,3,0,0,0.9695,1
108.93,22,travel,27.6,4,0,1,0.3361,1
111.74,12,atm,24.3,0,0,1,0.1023,0
45.03,10,online_retail,4.4,2,0,1,0.0989,0
176.39,17,grocery,0.3,5,0,0,0.1443,0
31.22,7,online_retail,9.1,2,0,1,0.122,0
53.17,18,restaurant,11.6,0,0,0,0.0773,0
99.39,18,fuel,2.1,3,0,1,0.0755,0
51.59,9,travel,12.3,2,0,1,0.0663,0
22.59,8,online_retail,3.0,3,0,1,0.1826,0
17.73,14,fuel,2.1,2,0,1,0.0955,0
11.88,9,grocery,16.7,1,0,0,0.0862,0
42.15,9,fuel,22.6,0,0,1,0.163,0
149.02,9,fuel,0.3,2,0,1,0.0988,0
29.13,18,atm,21.0,1,0,1,0.1675,0
56.76,22,grocery,20.5,2,0,0,0.0584,0
13.05,12,online_retail,10.0,1,0,1,0.0733,0
4.95,17,electronics,14.2,5,0,1,0.0933,0
8.64,10,grocery,2.1,1,0,0,0.0823,0
67.91,21,fuel,23.2,0,0,0,0.0696,0
21.78,16,fuel,0.1,2,0,1,0.0738,0
174.29,14,atm,1.8,0,0,0,0.0854,0
44.57,9,grocery,13.4,0,0,0,0.1656,0
19.51,17,grocery,6.4,3,0,0,0.121,0
29.48,13,grocery,9.0,1,0,1,0.1,0
10.46,21,grocery,3.9,1,0,1,0.0898,0
322.36,7,grocery,1.0,0,0,0,0.1133,0
67.58,14,atm,7.3,2,0,0,0.0994,1
325.0,9,grocery,10.4,4,0,0,0.153,0
113.19,9,grocery,7.3,2,0,1,0.1254,0
31.6,20,fuel,28.7,0,0,0,0.0975,0
310.48,13,grocery,17.0,1,1,1,0.0813,0
62.69,14,restaurant,5.6,1,0,1,0.1003,0
50.63,18,travel,9.0,2,0,1,0.1572,0
113.46,19,online_retail,28.8,0,0,1,0.0816,0
152.1,12,grocery,14.6,1,0,1,0.0944,0
24.64,15,grocery,0.1,3,0,1,0.0738,0
56.39,7,electronics,1.4,0,0,0,0.2141,0
22.68,15,fuel,11.9,1,0,1,0.0959,0
111.81,11,online_retail,6.0,2,0,1,0.0812,0
161.38,17,restaurant,7.6,1,0,0,0.0805,0
88.21,12,grocery,3.2,1,0,1,0.0975,0
26.78,19,fuel,0.1,2,0,1,0.0767,0
21.48,16,restaurant,8.5,0,0,1,0.107,0
19.45,13,online_retail,6.0,1,0,0,0.1517,0
38.28,9,restaurant,31.4,2,0,1,0.0581,0
40.43,22,travel,20.5,3,0,1,0.0813,0
38.52,8,online_retail,15.3,1,0,0,0.0732,1
26.16,22,fuel,20.3,0,0,0,0.0904,0
85.46,8,online_retail,12.2,0,0,0,0.0866,0
6.13,16,online_retail,42.1,0,0,1,0.0907,0
33.49,11,atm,16.0,4,0,0,0.0707,0
17.3,13,travel,12.9,3,0,0,0.0825,0
9.2,13,atm,19.0,2,0,0,0.0905,0
5.39,11,grocery,14.7,1,0,0,0.1149,0
13.05,20,grocery,6.8,2,0,1,0.103,0
68.35,22,online_retail,19.7,0,0,1,0.0907,0
168.96,10,grocery,2.6,3,0,0,0.0754,0
57.19,18,online_retail,5.9,3,0,1,0.0782,0
216.72,7,online_retail,15.9,1,0,1,0.1164,0
57.88,15,atm,7.0,1,0,1,0.0973,0
40.94,15,online_retail,9.7,2,0,0,0.0797,0
36.96,15,atm,9.3,0,0,0,0.1037,0
44.4,14,online_retail,3.1,2,0,1,0.0937,0
20.66,22,fuel,9.9,1,0,1,0.0714,0
15.78,13,online_retail,13.4,3,0,1,0.084,0
80.5,23,atm,172.2,5,1,0,0.9682,1
26.7,8,restaurant,42.6,2,0,0,0.0252,0
45.49,12,grocery,19.3,1,0,1,0.1267,0
83.65,8,travel,18.8,0,0,1,0.1003,0
2193.07,15,jewelry,125.7,6,1,0,0.9682,0
7.94,22,restaurant,8.8,1,0,1,0.0774,0
30.56,15,atm,16.7,0,0,1,0.1339,0
6.86,7,grocery,12.8,1,0,1,0.077,0
96.14,11,atm,0.2,1,0,1,0.0566,1
190.02,15,restaurant,2.4,3,0,1,0.0918,0
174.03,9,online_retail,3.2,1,0,1,0.1806,0
22.83,19,electronics,17.0,0,0,1,0.1176,0
63.02,16,atm,8.9,2,0,1,0.0755,0
5.83,11,electronics,30.1,3,0,0,0.0778,0
8.85,21,grocery,16.5,4,0,1,0.0703,0
61.53,14,restaurant,20.8,4,0,1,0.0718,0
55.61,10,online_retail,2.5,2,0,1,0.0991,0
582.72,15,jewelry,40.1,0,0,0,0.3341,1
68.09,16,atm,0.2,2,1,1,0.0703,0
11.15,19,restaurant,0.4,3,0,1,0.0643,0
210.08,9,grocery,17.1,0,1,1,0.0757,0
21.2,14,restaurant,13.9,1,0,0,0.1402,0
20.2,17,electronics,12.9,0,0,1,0.1049,0
17.86,10,electronics,26.3,0,0,1,0.106,0
29.49,20,fuel,63.8,1,0,1,0.0382,0
6.92,15,grocery,16.1,1,0,1,0.1129,0
269.53,7,restaurant,18.1,2,0,1,0.0692,0
33.68,15,atm,1.9,1,0,1,0.096,0
25.23,19,travel,17.5,0,0,1,0.1116,0
452.23,23,online_retail,182.7,6,1,1,0.9682,1
59.28,9,fuel,8.8,3,0,0,0.0836,0
233.41,8,grocery,1.4,1,0,0,0.1168,0
54.23,9,electronics,8.7,1,0,0,0.0827,0
30.72,20,fuel,5.2,1,0,1,0.1365,0
82.38,22,travel,31.0,0,0,1,0.0507,0
42.59,7,grocery,13.6,1,0,0,0.1296,0
30.41,11,online_retail,16.0,4,0,1,0.0921,0
33.91,9,fuel,1.7,0,0,1,0.1384,0
64.97,12,online_retail,11.9,2,0,1,0.082,0
23.4,10,grocery,28.4,0,0,1,0.0645,0
7.73,21,atm,8.4,0,1,1,0.0901,1
69.95,11,grocery,12.8,0,0,0,0.1053,0
7.52,21,grocery,1.3,2,0,1,0.0964,0
29.02,12,grocery,5.4,1,0,1,0.1225,0
45.06,7,grocery,4.3,3,0,1,0.1771,0
123.54,10,jewelry,6.4,2,0,1,0.0609,0
10.32,22,grocery,4.3,2,0,1,0.0581,0
61.95,18,restaurant,4.5,0,0,1,0.0998,0
53.73,21,fuel,2.3,0,0,1,0.083,0
35.59,11,restaurant,23.7,1,0,0,0.1104,0
4.26,15,restaurant,1.7,0,0,1,0.1737,0
11.45,17,restaurant,6.9,2,0,1,0.0935,0
117.28,7,fuel,16.1,1,0,1,0.0557,0
11.92,16,restaurant,64.1,0,0,1,0.0379,0
42.39,12,electronics,24.3,1,0,1,0.1932,0
102.31,13,restaurant,39.8,1,0,1,0.0305,0
43.04,11,online_retail,15.6,2,0,0,0.0748,0
536.24,22,online_retail,5.9,4,0,0,0.8557,1
20.11,17,grocery,23.9,0,0,1,0.1561,0
23.03,18,grocery,1.2,0,0,0,0.0994,0
88.8,20,online_retail,3.0,3,0,1,0.0754,0
40.47,15,fuel,23.1,0,0,0,0.1591,0
100.89,20,online_retail,12.0,1,0,1,0.1346,0
44.53,22,online_retail,11.5,1,0,1,0.0881,0
39.49,12,online_retail,33.3,3,0,1,0.0962,0
116.09,20,grocery,4.2,1,0,0,0.092,0
35.85,16,fuel,47.8,1,0,1,0.0339,0
68.82,8,fuel,3.8,5,0,0,0.1045,0
33.17,18,restaurant,14.1,1,0,1,0.1088,0
9.66,12,electronics,1.6,0,0,0,0.0753,0
12.62,11,grocery,0.2,3,0,0,0.058,0
359.38,8,fuel,8.0,3,1,1,0.1619,0
14.86,14,online_retail,0.2,0,0,0,0.1347,0
25.33,17,restaurant,1.7,1,0,1,0.1081,0
20.83,16,fuel,4.6,1,0,1,0.2341,0
13.06,16,restaurant,1.3,1,0,1,0.1098,0
28.58,21,fuel,11.3,2,0,0,0.1003,0
62.46,18,online_retail,9.6,2,0,1,0.0985,0
19.6,19,fuel,9.7,1,0,1,0.1076,0
1065.23,10,grocery,4.6,1,0,0,0.1815,0
20.85,14,atm,4.6,1,0,1,0.1843,0
59.49,2,electronics,96.6,6,1,1,0.9685,1
32.98,8,grocery,3.8,2,0,1,0.142,0
72.07,16,restaurant,6.6,1,0,1,0.1083,0
2.17,12,restaurant,17.7,2,0,0,0.0786,0
34.02,22,grocery,1.0,0,0,0,0.0696,0
255.19,1,jewelry,80.9,9,1,0,0.9693,1
17.75,11,online_retail,1.4,3,1,1,0.127,0
38.01,16,online_retail,4.9,1,0,1,0.1039,0
38.96,11,fuel,1.0,2,0,1,0.1085,0
62.39,11,jewelry,14.1,4,0,1,0.2012,0
83.46,18,grocery,2.5,1,0,1,0.1704,0
45.57,13,atm,2.4,0,0,1,0.0791,0
144.42,18,grocery,0.5,1,0,1,0.0633,0
11.53,22,atm,3.1,1,0,1,0.0728,0
109.23,13,travel,9.1,3,0,1,0.0701,0
28.16,19,jewelry,5.4,3,0,1,0.1216,0
358.97,20,electronics,10.6,2,0,1,0.3779,0
10.62,11,fuel,8.4,2,0,1,0.0716,0
50.6,8,online_retail,7.0,0,0,1,0.1141,0
55.04,16,grocery,13.6,3,0,1,0.0763,0
32.45,9,electronics,8.4,1,0,1,0.1358,0
23.12,22,travel,3.2,2,0,1,0.0694,0
15.59,16,grocery,1.6,0,0,1,0.1147,0
200.72,11,online_retail,29.3,0,0,1,0.0856,0
57.81,8,fuel,0.3,2,0,1,0.1293,0
19.27,7,online_retail,15.6,2,0,1,0.0765,0
11.42,22,restaurant,5.2,7,0,1,0.3672,0
60.49,9,online_retail,3.8,1,0,1,0.2533,0
23.52,10,jewelry,2.1,4,0,1,0.1038,0
5.36,20,restaurant,9.1,1,0,1,0.3954,0
33.19,16,restaurant,3.5,3,0,1,0.0939,0
213.14,14,restaurant,22.6,2,0,1,0.0997,0
26.53,15,fuel,9.1,3,0,0,0.0934,0
57.82,17,restaurant,20.4,1,0,1,0.1073,0
33.64,11,atm,3.2,3,0,0,0.1097,0
35.71,22,online_retail,9.5,1,0,1,0.0595,0
50.8,21,restaurant,31.8,2,0,1,0.064,0
14.05,12,fuel,31.2,1,0,1,0.0953,0
165.91,7,restaurant,2.3,4,0,1,0.0942,0
53.54,18,grocery,4.0,5,0,0,0.1193,0
102.68,18,online_retail,2.3,3,0,1,0.0682,0
91.77,16,fuel,11.7,3,0,0,0.098,0
6.35,11,grocery,9.9,1,0,0,0.1694,0
68.84,14,restaurant,2.5,3,0,0,0.0887,0
10.72,12,online_retail,38.2,4,0,1,0.2106,0
2.37,22,online_retail,7.0,0,0,1,0.1314,0
22.03,21,fuel,5.6,1,0,1,0.2564,0
47.55,15,grocery,24.0,1,0,0,0.2931,0
27.62,12,fuel,24.0,5,0,1,0.0675,0
11.55,22,restaurant,20.2,3,0,0,0.0696,0
14.31,14,grocery,9.8,0,0,1,0.1128,0
28.96,7,grocery,1.3,0,0,1,0.2108,0
37.66,10,fuel,19.9,3,0,1,0.0718,0
29.57,7,grocery,18.2,2,0,1,0.0766,0
56.8,9,restaurant,1.6,1,0,0,0.266,0
9.28,22,restaurant,7.0,0,0,1,0.0555,0
457.82,12,online_retail,9.7,4,0,0,0.6633,1
48.38,21,grocery,6.9,1,0,0,0.1061,0
69.56,18,online_retail,1.3,0,0,1,0.0776,0
26.69,12,restaurant,0.8,3,0,1,0.1175,0
8.47,21,grocery,8.3,0,0,0,0.0607,0
13.51,14,restaurant,6.1,1,0,1,0.0978,0
38.97,15,grocery,4.2,1,0,0,0.1006,0
149.01,18,grocery,7.5,5,0,1,0.1891,0
139.89,22,restaurant,22.1,0,0,1,0.1055,0
13.41,8,restaurant,27.6,0,0,1,0.0908,0
26.4,12,grocery,1.5,4,0,1,0.1486,0
15.73,12,electronics,11.9,0,0,0,0.0913,0
33.84,15,electronics,18.6,1,0,1,0.1423,0
29.97,7,grocery,18.8,1,0,1,0.1018,0
165.99,18,grocery,5.5,2,0,1,0.0917,0
54.86,15,jewelry,6.0,0,0,1,0.0885,0
140.17,14,online_retail,6.6,1,0,1,0.0916,0
77.74,19,grocery,10.3,2,0,0,0.1108,0
43.84,12,grocery,8.6,1,0,1,0.1234,0
14.54,21,fuel,3.5,2,0,0,0.0833,0
59.11,8,online_retail,19.4,1,0,1,0.0593,0
38.55,8,fuel,42.8,2,0,1,0.0262,0
348.2,0,online_retail,127.1,5,1,1,0.9693,0
49.27,18,electronics,7.8,3,0,1,0.1278,0
15.11,8,online_retail,31.3,2,0,1,0.0519,0
36.28,21,fuel,13.6,1,0,0,0.1355,0
17.66,10,grocery,18.2,1,0,1,0.0784,0
119.72,19,fuel,5.9,0,0,1,0.087,0
16.04,20,grocery,1.7,2,0,0,0.1059,0
87.75,22,fuel,2.1,2,0,1,0.0818,0
31.17,22,grocery,9.9,2,0,0,0.0723,0
15.53,21,electronics,6.0,1,0,0,0.1427,0
97.48,0,electronics,39.8,7,1,0,0.9692,1
13.87,19,grocery,2.8,1,0,0,0.1148,0
88.22,19,restaurant,2.1,3,0,0,0.0787,0
31.25,16,travel,21.2,0,0,1,0.2228,0
20.49,16,fuel,2.2,2,0,1,0.1036,0
130.1,0,travel,304.1,9,1,0,0.9693,1
17.03,21,travel,19.4,4,0,1,0.0579,0
2.42,21,fuel,5.7,1,0,0,0.2193,0
66.74,22,restaurant,7.6,3,0,1,0.0553,0
21.6,21,electronics,22.3,3,0,0,0.0983,0
12.61,14,travel,19.7,1,0,1,0.118,0
7.98,20,electronics,15.9,1,0,1,0.1282,0
55.01,16,online_retail,3.5,0,0,1,0.0826,0
16.01,22,restaurant,64.9,1,0,1,0.0379,0
56.99,16,electronics,4.7,2,0,1,0.0919,0
86.71,13,online_retail,36.0,0,1,1,0.0589,0
84.61,18,restaurant,19.6,1,1,0,0.2044,0
39.32,12,grocery,2.0,2,0,1,0.1047,0
23.56,21,atm,9.4,0,0,1,0.1245,0
82.89,19,fuel,12.2,4,0,1,0.2474,0
204.85,18,grocery,53.4,2,0,1,0.0681,0
63.36,13,online_retail,13.2,2,0,1,0.0811,0
41.85,15,restaurant,36.8,2,0,1,0.5415,0
4.86,21,restaurant,15.9,4,0,0,0.0374,0
9.69,10,grocery,7.9,0,0,0,0.0576,0
15.47,20,grocery,14.0,0,0,1,0.1058,0
33.64,9,online_retail,20.9,1,0,1,0.0824,0
67.96,17,restaurant,24.9,1,0,0,0.1466,0
19.32,9,online_retail,3.3,4,0,0,0.195,0
40.38,17,jewelry,44.7,3,0,1,0.043,0
192.23,7,atm,6.4,1,0,0,0.0774,0
60.64,19,grocery,2.1,3,0,0,0.0892,0
14.17,22,grocery,3.5,1,0,1,0.165,0
63.78,12,fuel,8.3,0,0,1,0.0798,0
124.27,17,travel,47.6,0,0,1,0.0297,0
39.49,20,restaurant,7.9,4,0,1,0.0936,0
252.7,14,fuel,19.9,0,0,0,0.1202,0
55.61,7,electronics,1.1,1,0,1,0.2453,0
150.62,12,online_retail,10.5,1,0,0,0.0903,0
110.15,22,restaurant,8.0,2,0,0,0.084,0
19.11,21,online_retail,28.2,1,0,0,0.118,0
297.52,10,fuel,4.5,2,0,1,0.0874,0
20.97,10,restaurant,3.2,3,0,0,0.1153,0
89.96,4,online_retail,316.3,5,1,0,0.9693,1
48.08,13,grocery,3.3,2,0,1,0.1804,0
70.48,9,travel,6.9,1,0,1,0.1785,0
29.46,9,fuel,20.2,2,0,1,0.0862,0
2.77,21,restaurant,13.4,5,0,0,0.0362,0
38.07,22,fuel,9.3,2,0,1,0.0663,0
15.85,15,electronics,3.5,1,0,1,0.1031,1
19.44,20,atm,0.9,1,0,1,0.2222,0
10.54,20,atm,2.6,1,0,1,0.0842,0
76.1,12,fuel,2.0,1,0,1,0.1226,0
9.15,17,fuel,9.1,0,0,0,0.1265,0
13.72,18,grocery,0.6,2,0,0,0.0619,0
28.69,14,atm,0.4,2,0,0,0.0743,0
133.44,8,online_retail,26.2,1,0,1,0.0509,0
85.75,7,online_retail,1.8,2,0,1,0.0752,0
34.59,21,grocery,2.2,0,0,1,0.0867,0
44.68,17,fuel,8.4,1,0,0,0.1095,0
200.48,15,fuel,28.1,0,0,1,0.1677,0
70.75,18,travel,6.5,1,0,1,0.0986,0
33.41,2,atm,34.8,6,1,1,0.8065,1
16.97,10,atm,1.1,2,0,0,0.1071,0
289.49,11,grocery,22.4,0,0,0,0.1233,0
146.93,19,atm,2.7,2,0,1,0.0812,0
27.29,12,online_retail,11.8,5,0,1,0.1749,0
26.5,18,online_retail,28.9,0,0,1,0.1738,0
13.78,22,electronics,2.7,1,0,1,0.1233,0
22.91,21,grocery,3.5,1,0,1,0.173,0
38.9,10,grocery,25.3,0,0,1,0.0705,0
20.52,9,atm,4.9,2,0,1,0.1381,0
112.47,10,fuel,9.0,1,0,0,0.078,0
26.94,9,restaurant,1.2,1,0,1,0.228,0
78.19,15,restaurant,5.8,1,0,1,0.1083,0
365.07,15,online_retail,911.5,3,0,0,0.9663,1
35.08,10,atm,19.6,2,0,1,0.0718,0
1309.11,23,online_retail,79.8,9,0,0,0.9697,1
39.13,8,online_retail,5.1,0,0,0,0.1603,0
142.5,12,restaurant,6.3,4,0,1,0.126,0
38.85,7,grocery,0.1,3,0,1,0.0666,1
24.69,11,grocery,7.0,2,0,0,0.1155,0
29.5,9,grocery,23.2,1,0,0,0.0745,0
360.94,3,jewelry,200.4,4,1,0,0.9699,1
64.51,21,restaurant,6.1,0,0,0,0.081,0
50.71,7,restaurant,8.7,0,0,1,0.1321,0
82.67,15,online_retail,20.9,1,0,1,0.0915,0
47.05,15,atm,11.1,1,0,1,0.1299,0
703.82,19,fuel,1.8,4,0,0,0.1112,0
103.95,9,restaurant,22.0,1,0,1,0.0502,0
20.06,17,grocery,4.5,1,0,1,0.2341,0
46.56,20,grocery,5.6,1,0,1,0.144,0
111.53,21,restaurant,17.1,3,0,1,0.107,0
31.37,13,grocery,6.9,1,0,1,0.1225,0
25.94,14,atm,16.4,0,0,1,0.1115,0
41.49,8,fuel,0.6,1,1,1,0.2265,0
388.11,10,electronics,14.9,0,0,1,0.1833,0
11.71,10,grocery,29.6,2,0,1,0.0656,0
107.31,15,fuel,19.1,2,0,1,0.0872,0
16.33,13,online_retail,1.0,1,0,1,0.0972,0
20.36,12,restaurant,0.8,3,0,0,0.1212,0
209.04,0,travel,110.8,8,0,0,0.9693,1
19.81,20,fuel,27.2,2,0,1,0.1008,0
62.67,21,grocery,0.8,1,0,1,0.107,0
27.83,22,online_retail,3.0,1,0,0,0.0707,0
34.4,21,travel,17.7,2,0,1,0.0707,0
14.6,13,grocery,4.6,4,0,0,0.0809,0
126.63,16,restaurant,6.1,0,0,1,0.0905,0
87.91,16,online_retail,1.6,2,0,0,0.0763,0
24.44,21,restaurant,0.1,3,0,0,0.0646,0
74.17,21,atm,9.5,1,0,0,0.0878,0
19.98,13,grocery,0.7,1,0,1,0.1741,0
13.2,8,grocery,2.2,2,0,1,0.1449,0
211.31,0,travel,567.1,7,1,0,0.9693,1
279.12,23,atm,567.0,7,0,0,0.9682,1
84.22,14,online_retail,0.2,4,0,1,0.1659,0
54.12,11,restaurant,14.9,2,0,1,0.0678,0
6.55,16,grocery,0.2,2,0,1,0.1085,0
18.88,11,restaurant,2.7,1,0,1,0.1381,0
5.22,22,online_retail,17.0,3,0,1,0.0538,0
3.48,7,fuel,3.3,3,0,1,0.2179,0
34.77,7,restaurant,15.5,1,0,0,0.0835,0
160.69,17,travel,3.6,1,0,1,0.0932,0
189.32,4,atm,118.3,4,0,0,0.9699,1
61.67,8,restaurant,15.1,4,0,1,0.0621,0
63.57,12,fuel,7.3,0,0,0,0.092,0
13.6,14,grocery,6.3,1,0,1,0.0978,0
46.46,19,restaurant,6.9,1,0,1,0.1361,0
161.29,21,grocery,8.5,5,0,1,0.2549,1
15.76,12,restaurant,23.7,1,0,1,0.1331,0
56.98,11,grocery,5.8,1,0,1,0.1014,0
221.03,13,grocery,2.3,2,0,1,0.0904,0
34.61,17,electronics,12.1,2,0,1,0.1129,0
137.15,19,atm,8.6,0,1,0,0.0686,0
883.53,22,online_retail,1.2,5,0,0,0.9194,1
30.24,15,grocery,8.9,1,0,1,0.1175,0
121.69,22,online_retail,12.0,0,0,1,0.1044,0
24.64,7,electronics,7.5,1,0,1,0.2339,0
27.08,16,fuel,5.7,5,0,0,0.0796,0
10.01,19,restaurant,17.1,2,0,0,0.0782,0
312.93,2,jewelry,100.1,3,0,0,0.9695,1
22.37,22,online_retail,18.3,1,0,1,0.0779,0
18.73,20,grocery,13.6,1,0,0,0.1001,0
26.09,21,online_retail,1.1,1,0,1,0.1066,0
13.44,16,online_retail,14.5,1,0,1,0.1343,0
138.17,15,restaurant,6.6,4,0,0,0.151,0
55.14,20,restaurant,1.5,0,0,0,0.09,0
14.73,14,grocery,17.0,4,0,1,0.0827,0
321.98,12,grocery,31.9,1,0,1,0.3591,0
5.82,21,grocery,4.8,1,0,1,0.2476,0
14.51,22,restaurant,10.3,2,0,0,0.0645,0
162.49,13,online_retail,5.7,0,0,1,0.0904,0
107.23,9,fuel,23.2,0,0,1,0.0923,0
70.17,9,restaurant,5.8,1,0,1,0.1776,0
191.0,10,electronics,16.6,2,0,1,0.0745,0
49.8,8,grocery,8.2,2,0,1,0.0889,0
22.31,22,atm,17.9,0,0,1,0.0783,0
51.08,21,grocery,8.6,3,0,1,0.3016,0
22.89,8,online_retail,0.5,1,0,1,0.0943,0
102.01,17,atm,6.7,2,0,0,0.0833,0
286.18,9,grocery,1.0,1,0,1,0.0932,0
12.02,15,online_retail,3.7,1,0,1,0.0825,0
59.29,8,travel,4.8,2,0,1,0.1345,0
16.29,10,jewelry,42.7,4,0,1,0.0748,0
182.24,18,fuel,27.8,0,0,1,0.199,0
25.54,17,online_retail,7.2,2,0,1,0.1061,0
11.39,9,grocery,2.7,0,0,1,0.1323,0
37.18,22,restaurant,5.8,3,0,1,0.0793,0
111.32,14,grocery,1.6,3,0,1,0.0758,0
129.2,14,restaurant,4.9,2,0,1,0.086,0
31.55,9,grocery,0.3,1,0,0,0.1145,0
23.91,11,grocery,5.1,0,0,1,0.1128,0
159.61,17,grocery,13.8,2,0,0,0.0883,0
21.49,8,online_retail,10.1,3,0,1,0.0918,0
21.43,9,grocery,7.5,2,1,1,0.2175,0
79.61,20,restaurant,4.6,2,0,0,0.1109,0
84.45,9,restaurant,7.6,0,0,0,0.1609,0
16.19,10,online_retail,3.8,2,0,0,0.0987,0
42.62,19,restaurant,3.1,0,0,0,0.1116,0
73.29,22,grocery,0.1,1,0,1,0.0548,0
53.19,18,grocery,1.9,4,0,0,0.1069,0
4.29,18,fuel,15.9,1,0,1,0.0761,0
14.61,13,grocery,0.3,3,0,1,0.0668,0
10.15,19,grocery,5.9,3,0,1,0.083,0
12.92,20,grocery,16.7,0,0,0,0.1079,0
38.57,15,grocery,9.7,2,1,0,0.0929,0
82.17,21,restaurant,3.2,3,0,1,0.3124,0
160.07,10,online_retail,4.1,1,0,1,0.0791,0
24.93,14,restaurant,3.3,1,0,1,0.1074,0
16.77,18,grocery,25.7,1,0,0,0.1267,0
12.3,15,restaurant,10.4,0,0,0,0.0877,0
194.36,3,electronics,181.5,6,1,0,0.9693,1
21.13,7,grocery,30.9,2,0,1,0.056,0
28.74,7,electronics,5.6,1,0,0,0.1516,0
76.51,12,restaurant,7.3,2,0,1,0.1016,0
61.23,10,jewelry,18.5,2,0,1,0.0521,0
62.57,7,grocery,3.5,2,0,0,0.1217,0
25.76,18,travel,2.2,3,0,1,0.0965,0
154.18,13,restaurant,1.2,1,0,1,0.079,0
63.79,14,electronics,8.8,0,1,1,0.0728,0
46.65,8,restaurant,4.2,1,0,1,0.3889,0
31.78,9,online_retail,7.9,1,0,1,0.1705,0
5.3,22,restaurant,3.1,1,0,0,0.2426,0
17.14,13,restaurant,3.8,2,1,1,0.0868,0
204.23,21,restaurant,0.1,1,0,0,0.0631,0
58.87,15,atm,7.9,2,0,0,0.1002,0
51.52,21,online_retail,6.3,1,0,1,0.1478,0
1624.4,4,online_retail,87.3,9,0,0,0.9693,1
90.91,20,fuel,4.6,3,0,1,0.104,0
24.93,14,online_retail,21.5,0,0,1,0.1885,0
13.4,9,grocery,2.4,0,0,1,0.1323,0
27.98,13,electronics,1.4,0,0,1,0.1186,0
30.17,9,grocery,10.3,2,0,0,0.1004,0
38.45,16,online_retail,6.8,1,0,1,0.1039,0
82.29,14,travel,1.8,0,0,1,0.1144,0
16.5,15,grocery,10.8,0,0,1,0.1008,0
38.34,13,atm,35.3,0,0,0,0.0998,0
16.75,22,restaurant,12.3,0,0,1,0.0638,0
112.81,16,restaurant,15.3,3,0,1,0.0709,0
151.37,16,fuel,31.8,2,0,1,0.0896,0
111.52,13,electronics,17.1,0,0,0,0.1122,0
70.61,8,online_retail,18.1,0,0,0,0.1274,0
10.83,22,grocery,6.9,1,0,1,0.0618,0
161.55,14,grocery,5.5,1,0,1,0.0969,0
145.48,17,fuel,5.1,0,0,1,0.0971,0
25.24,7,grocery,9.5,1,0,1,0.0935,0
62.22,13,restaurant,3.3,2,0,1,0.0887,0
5.37,14,grocery,17.4,0,0,1,0.1347,0
41.16,16,restaurant,7.4,0,0,1,0.1057,0
27.71,9,grocery,36.7,2,0,0,0.0765,0
11.42,15,grocery,31.7,0,0,1,0.0945,0
12.68,21,atm,4.1,2,0,0,0.097,0
53.9,8,atm,47.3,1,0,0,0.0193,0
65.51,11,grocery,3.5,2,1,1,0.1264,0
21.86,14,atm,12.1,1,0,1,0.0967,0
20.88,7,fuel,2.2,3,0,1,0.1401,0
15.69,10,restaurant,36.7,1,1,1,0.1622,0
52.92,21,restaurant,5.6,1,0,0,0.1032,0
24.98,18,fuel,28.5,3,0,1,0.1482,0
22.5,7,restaurant,6.1,3,0,1,0.1333,0
158.89,18,fuel,6.0,0,0,1,0.0902,0
5.74,21,online_retail,6.5,1,0,1,0.2611,0
305.89,15,grocery,10.6,3,0,1,0.1,0
22.6,14,electronics,7.8,0,0,1,0.152,0
1466.78,22,travel,342.3,2,1,0,0.9659,1
42.08,19,online_retail,12.7,2,0,1,0.1717,0
43.25,12,electronics,3.0,1,0,1,0.1423,0
64.45,12,atm,10.1,2,0,1,0.0773,0
19.04,20,online_retail,4.3,2,0,1,0.1014,0
40.18,22,restaurant,9.9,3,0,0,0.0665,0
12.27,8,online_retail,1.5,0,0,0,0.1743,0
35.55,15,atm,21.2,2,0,0,0.1954,0
50.27,8,restaurant,6.7,1,0,1,0.1504,0
118.48,8,fuel,16.9,2,0,1,0.0434,0
116.26,9,grocery,2.9,3,0,0,0.1701,0
76.03,15,online_retail,4.5,2,0,0,0.0918,0
57.3,17,grocery,7.4,1,0,1,0.1019,0
80.42,22,atm,186.1,4,0,0,0.9677,1
43.62,9,online_retail,16.9,1,0,1,0.0827,0
6.94,11,electronics,9.2,1,0,1,0.098,0
44.26,7,grocery,16.9,3,0,0,0.0707,0
19.44,21,atm,17.0,2,0,1,0.0686,0
59.35,14,fuel,16.9,1,0,1,0.0934,0
40.23,12,restaurant,28.5,2,0,1,0.165,0
40.58,8,grocery,0.1,3,0,0,0.1556,0
26.34,9,online_retail,13.6,2,0,1,0.0771,0
68.52,9,travel,6.1,1,1,1,0.1448,0
72.46,18,grocery,3.9,2,1,1,0.1506,0
19.49,17,fuel,25.7,4,0,1,0.1159,0
51.45,13,atm,5.8,2,0,1,0.1484,0
22.49,19,fuel,10.4,2,0,0,0.1062,0
27.16,11,restaurant,6.3,1,0,1,0.1225,0
53.38,11,online_retail,8.7,2,0,1,0.0776,0
543.2,0,atm,79.4,4,0,1,0.9699,0
47.09,14,fuel,0.1,1,0,1,0.0647,0
15.64,22,travel,52.2,2,1,1,0.0518,0
17.55,19,grocery,5.3,3,0,1,0.1115,0
50.7,22,grocery,9.0,1,0,1,0.1044,0
8.36,16,online_retail,33.2,0,0,1,0.0825,0
21.34,16,fuel,3.2,1,0,0,0.1159,0
50.11,10,grocery,9.5,1,1,1,0.0545,0
21.54,12,grocery,34.2,1,0,1,0.0988,0
88.15,13,grocery,7.7,3,0,0,0.0702,0
27.43,18,grocery,38.1,1,0,1,0.1061,0
79.18,17,grocery,19.1,1,0,1,0.114,0
165.25,10,restaurant,3.7,2,0,1,0.0868,0
71.81,12,fuel,5.7,2,0,1,0.1016,0
41.83,22,online_retail,4.3,0,0,1,0.1115,0
83.55,3,jewelry,137.8,7,1,1,0.9693,1
106.37,18,electronics,0.6,1,1,0,0.0689,0
207.22,3,travel,221.4,5,0,0,0.9693,1
57.27,15,online_retail,18.9,2,0,0,0.0847,0
36.15,17,atm,7.4,2,0,1,0.1034,0
35.66,10,grocery,1.2,4,0,1,0.1685,0
66.3,18,grocery,11.8,0,0,1,0.0712,0
18.38,21,atm,14.0,3,0,0,0.1007,0
36.64,9,restaurant,26.1,1,0,0,0.0619,0
5.07,17,atm,3.6,2,0,1,0.4181,0
13.87,17,grocery,5.0,2,0,1,0.0935,0
87.66,9,grocery,30.5,0,0,1,0.0776,0
4.27,8,electronics,33.3,2,0,0,0.0558,0
31.42,20,grocery,3.9,2,0,0,0.112,0
10.96,22,online_retail,18.4,4,0,1,0.0742,0
17.62,16,electronics,23.2,2,0,1,0.1279,0
779.3,15,electronics,692.7,6,0,0,0.9682,0
118.93,12,atm,2.9,0,0,1,0.0811,0
21.56,18,grocery,9.7,2,0,1,0.0933,0
26.42,22,atm,14.7,0,0,1,0.0783,0
8.21,18,restaurant,25.5,1,1,1,0.1107,0
22.73,21,travel,10.6,2,0,1,0.1502,0
9.3,18,fuel,5.0,2,0,1,0.0799,0
33.63,8,restaurant,4.2,0,0,0,0.1663,0
227.03,1,atm,24.0,7,0,0,0.9692,1
45.29,16,restaurant,8.4,1,0,1,0.105,0
76.88,8,electronics,7.7,1,0,1,0.0789,0
59.1,16,online_retail,13.3,2,0,1,0.0803,0
35.11,9,restaurant,4.8,3,0,1,0.1445,0
43.11,12,restaurant,51.7,0,0,1,0.0452,0
43.5,8,restaurant,8.9,0,0,0,0.3282,0
55.3,16,fuel,8.4,1,0,0,0.0809,0
12.63,20,fuel,6.6,1,0,1,0.1094,0
22.62,18,grocery,14.2,2,0,1,0.1034,0
50.35,16,grocery,6.4,3,0,1,0.1244,0
28.25,7,grocery,6.2,3,0,0,0.2309,0
81.24,20,online_retail,11.4,0,0,1,0.1156,0
20.76,7,grocery,2.1,1,0,1,0.1487,0
7.02,22,grocery,5.4,0,0,1,0.081,0
7.14,12,atm,16.9,0,0,1,0.1115,0
43.15,17,grocery,1.2,1,0,0,0.1168,0
44.49,20,electronics,23.3,1,0,1,0.1257,0
172.69,14,restaurant,4.6,1,0,1,0.0965,0
98.57,13,fuel,8.4,1,0,0,0.1042,0
32.0,7,grocery,18.1,0,0,1,0.138,0
41.82,17,restaurant,8.2,2,1,1,0.14,0
28.56,18,electronics,3.7,0,0,1,0.0994,0
18.94,15,electronics,11.8,1,0,1,0.1049,0
76.93,15,grocery,5.9,1,0,1,0.1083,0
38.34,22,fuel,18.4,3,0,1,0.0685,0
13.89,11,travel,11.1,0,0,1,0.0743,0
69.12,22,grocery,9.4,3,0,1,0.0721,0
15.39,11,fuel,3.2,2,0,1,0.104,0
40.51,7,online_retail,8.0,3,0,1,0.2766,0
27.9,19,atm,6.1,0,0,1,0.1135,0
38.29,9,fuel,1.4,1,0,0,0.2402,0
77.01,21,travel,10.6,1,0,1,0.1404,0
12.42,19,grocery,15.9,1,0,1,0.1079,0
33.56,18,online_retail,3.6,2,0,0,0.0847,0
490.37,2,jewelry,186.1,10,0,0,0.9693,1
34.32,18,restaurant,6.6,3,0,0,0.1082,0
15.73,19,online_retail,1.6,3,1,1,0.0836,0
50.08,14,grocery,14.2,1,0,1,0.0936,0
11.1,22,restaurant,26.2,1,0,1,0.0601,0
58.7,18,restaurant,17.0,4,0,1,0.0799,0
14.84,20,electronics,4.9,2,0,1,0.1182,0
7.1,7,restaurant,3.7,0,0,1,0.1037,0
121.24,10,restaurant,1.7,2,0,0,0.0772,0
25.54,21,grocery,3.5,0,0,1,0.136,0
20.86,15,grocery,39.1,2,1,1,0.0366,0
17.03,13,restaurant,1.6,2,0,1,0.0955,0
131.21,17,grocery,9.6,0,0,1,0.1494,0
66.13,9,atm,5.3,3,1,0,0.122,0
92.71,19,online_retail,6.3,0,0,0,0.0787,0
4.41,18,grocery,6.0,1,0,0,0.3038,0
107.78,17,grocery,7.8,2,0,1,0.0713,0
29.05,8,atm,0.2,3,0,0,0.0847,0
17.28,18,fuel,18.1,0,0,0,0.11,0
5.46,15,grocery,9.0,1,0,1,0.3976,0
96.19,8,restaurant,11.7,2,0,1,0.053,0
53.35,16,atm,15.7,3,0,1,0.078,0
21.67,9,restaurant,23.1,0,0,1,0.1109,0
1747.58,4,jewelry,62.2,4,0,0,0.9702,1
21.95,19,travel,3.0,2,0,1,0.1002,0
25.39,22,grocery,19.2,0,1,1,0.1229,0
78.53,21,fuel,24.1,4,0,0,0.0533,0
12.75,12,fuel,9.3,2,0,1,0.0792,0
90.6,11,grocery,3.9,1,0,0,0.0939,0
190.21,10,fuel,7.6,2,0,1,0.0584,0
8.0,8,online_retail,0.6,0,0,1,0.4022,0
97.17,17,fuel,11.0,0,0,1,0.1058,0
28.65,21,grocery,13.4,3,0,0,0.0968,0
62.4,9,restaurant,15.3,1,0,0,0.0674,0
81.79,22,grocery,13.1,2,0,1,0.073,0
9.16,21,grocery,0.4,2,0,1,0.0655,0
129.25,18,restaurant,54.5,1,0,1,0.0295,0
23.3,7,electronics,0.6,0,0,1,0.0697,0
27.51,21,grocery,23.7,2,0,1,0.0642,0
17.16,9,restaurant,2.1,1,0,1,0.1934,0
96.29,12,atm,6.4,2,0,1,0.1051,0
62.55,22,online_retail,1.4,0,0,1,0.0626,0
27.69,19,fuel,10.2,2,0,1,0.0969,0
132.92,20,atm,0.6,1,0,1,0.0813,0
64.7,11,jewelry,3.1,0,0,1,0.1028,0
37.07,12,grocery,5.6,2,0,1,0.1066,0
2.17,14,online_retail,9.3,0,0,1,0.1615,0
21.75,19,grocery,1.6,1,0,1,0.1122,0
38.27,16,travel,4.4,4,0,1,0.0805,0
201.41,18,fuel,0.0,3,0,0,0.0594,0
86.24,2,atm,454.4,1,0,0,0.9521,1
13.24,22,grocery,25.1,2,0,1,0.0608,0
105.04,22,online_retail,2.9,2,0,1,0.074,0
28.82,7,fuel,15.6,1,0,1,0.0906,0
60.14,18,grocery,8.4,0,0,0,0.0744,0
56.2,18,restaurant,2.5,3,0,0,0.0858,0
11.55,20,grocery,9.5,3,0,1,0.0816,0
15.88,12,online_retail,5.3,0,0,1,0.0979,0
83.98,21,electronics,7.2,1,0,1,0.2178,0
20.54,16,online_retail,16.9,2,0,1,0.1309,0
60.25,22,grocery,5.8,2,0,1,0.068,0
49.32,21,grocery,6.7,2,0,0,0.1351,0
164.67,18,restaurant,8.9,0,0,0,0.0959,0
7.84,21,fuel,0.1,0,0,1,0.1084,0
398.17,22,jewelry,49.4,7,1,0,0.9445,1
94.88,11,jewelry,10.1,1,0,1,0.0739,0
24.18,17,grocery,5.8,5,0,1,0.0396,0
42.08,13,restaurant,8.4,0,0,1,0.1205,0
47.5,19,grocery,22.6,2,0,1,0.1738,0
9.23,7,travel,16.2,2,0,1,0.0587,0
13.74,8,grocery,27.3,0,0,1,0.0908,0
15.61,11,atm,49.1,2,0,1,0.0282,0
29.71,21,restaurant,8.8,0,0,0,0.091,0
156.66,15,grocery,22.3,0,1,1,0.1067,0
43.28,11,grocery,12.3,3,0,0,0.0874,0
15.44,12,grocery,3.0,0,1,1,0.0909,0
21.05,14,atm,18.0,0,0,1,0.1218,0
14.5,13,grocery,1.0,0,0,1,0.0909,0
7.42,21,fuel,2.3,0,0,1,0.0778,0
313.71,18,online_retail,9.1,2,0,0,0.1817,0
38.56,12,electronics,2.7,3,0,1,0.1456,0
23.05,16,atm,9.1,1,0,0,0.0948,0
23.09,12,grocery,15.7,0,0,1,0.1115,0
828.24,23,travel,363.6,6,1,1,0.9682,0
11.51,12,online_retail,10.5,1,0,1,0.0806,0
23.09,22,restaurant,11.1,3,0,1,0.0704,0
48.72,7,grocery,0.8,2,0,1,0.1872,0
22.52,13,grocery,6.1,2,0,0,0.1155,0
63.81,20,grocery,17.8,0,0,1,0.0881,0
39.99,17,restaurant,29.6,4,0,1,0.1805,0
40.62,22,electronics,34.5,3,0,1,0.0889,0
66.79,13,grocery,38.7,3,0,0,0.0316,0
9.02,19,grocery,3.6,1,0,1,0.0883,0
28.9,9,fuel,5.0,4,0,0,0.1311,0
14.06,20,online_retail,2.7,3,1,1,0.077,0
30.03,7,restaurant,17.6,0,0,0,0.1491,0
36.16,12,restaurant,0.2,2,0,0,0.0668,0
23.23,14,online_retail,0.4,1,0,1,0.0747,0
205.68,23,online_retail,76.5,3,1,1,0.9674,0
97.61,8,fuel,10.6,3,0,0,0.0755,0
43.88,22,grocery,3.7,5,0,1,0.0572,0
25.02,14,atm,6.6,4,0,0,0.1033,0
9.91,13,grocery,4.8,4,0,1,0.0665,0
37.98,12,travel,4.0,3,0,1,0.1302,0
89.42,16,restaurant,0.3,1,0,1,0.0719,0
32.72,9,restaurant,14.9,1,0,0,0.0835,0
186.66,15,online_retail,98.7,4,1,0,0.9599,1
34.07,12,online_retail,11.0,1,0,0,0.085,0
18.15,13,online_retail,1.2,1,0,0,0.1177,0
28.83,15,restaurant,6.9,2,0,0,0.1172,0
7.02,14,grocery,2.1,2,0,0,0.1135,0
72.47,11,grocery,0.1,0,0,1,0.0691,0
352.53,21,grocery,15.7,1,0,1,0.2042,0
50.61,17,fuel,3.5,1,0,1,0.1194,1
2.8,10,restaurant,23.8,1,0,1,0.0565,0
133.42,20,atm,3.7,1,0,1,0.1581,0
133.3,20,grocery,10.6,0,0,1,0.1573,0
46.92,3,jewelry,444.0,5,0,0,0.9685,1
47.81,12,atm,3.5,3,0,1,0.1912,0
183.32,12,online_retail,0.3,3,0,0,0.0613,0
37.26,7,grocery,1.8,2,0,1,0.1158,0
39.2,14,grocery,7.4,2,0,1,0.1066,0
25.72,22,online_retail,4.3,1,0,1,0.0703,0
13.74,16,electronics,1.4,0,0,1,0.0992,0
36.89,11,fuel,4.1,1,0,1,0.1112,0
35.1,21,online_retail,4.3,2,0,1,0.1154,0
56.06,15,atm,4.5,5,0,1,0.3504,0
167.52,8,grocery,25.5,5,0,0,0.1319,0
45.4,7,grocery,5.7,0,0,1,0.2428,0
44.06,15,restaurant,14.6,2,0,1,0.1554,0
12.57,7,fuel,15.2,2,0,1,0.0728,0
21.55,15,restaurant,8.1,3,0,1,0.0982,0
15.65,14,atm,15.2,3,0,1,0.0888,0
65.03,13,grocery,2.4,0,0,1,0.0821,0
28.19,22,grocery,11.1,0,0,1,0.0716,0
14.22,18,restaurant,17.7,2,0,1,0.088,0
163.3,14,travel,22.8,1,0,1,0.1389,0
21.92,22,grocery,5.7,0,0,1,0.084,0
44.83,10,grocery,13.0,1,0,1,0.0797,0
24.65,13,atm,16.0,2,0,0,0.097,0
25.08,14,atm,10.1,2,0,0,0.0941,0
76.52,16,restaurant,33.9,3,0,0,0.0804,0
638.1,23,electronics,72.9,7,1,1,0.9697,1
2.02,21,restaurant,2.8,2,0,1,0.2355,0
16.75,15,fuel,2.1,1,0,0,0.1031,0
47.99,10,fuel,2.7,1,0,0,0.1098,0
566.28,10,atm,4.1,2,0,0,0.074,0
1170.21,15,jewelry,462.2,4,0,0,0.9677,1
15.81,20,online_retail,1.4,1,0,1,0.1222,0
62.86,21,online_retail,2.1,1,0,1,0.0805,0
42.63,14,grocery,14.5,1,0,1,0.1236,0
32.85,12,grocery,48.3,2,0,1,0.0307,0
32.02,7,fuel,10.2,1,0,0,0.0924,0
131.69,16,online_retail,3.6,1,0,1,0.1665,0
97.7,7,fuel,25.5,2,0,1,0.0399,0
144.02,12,online_retail,32.2,4,0,0,0.5164,1
84.61,22,grocery,31.1,0,0,0,0.0531,0
91.67,16,grocery,12.4,3,0,1,0.0694,0
13.72,11,fuel,4.5,2,0,0,0.0904,0
78.67,19,grocery,3.7,3,0,1,0.0892,0
47.79,17,restaurant,1.5,3,1,1,0.1323,0
13.08,13,online_retail,16.4,2,0,0,0.0857,0
194.97,7,jewelry,10.0,4,0,0,0.3739,0
7.03,16,grocery,17.7,1,0,1,0.1129,0
40.41,13,restaurant,13.8,4,0,0,0.0743,0
114.65,11,restaurant,35.1,2,0,1,0.0588,0
70.16,7,electronics,0.2,1,0,1,0.0882,0
58.87,14,restaurant,13.6,3,0,1,0.0773,0
42.12,22,fuel,6.0,0,1,1,0.1001,0
30.72,9,fuel,18.7,0,0,1,0.1491,0
12.17,10,fuel,2.2,1,0,1,0.0844,0
28.34,18,electronics,4.2,2,0,0,0.1018,0
2.33,14,grocery,26.3,0,0,0,0.0956,0
56.17,16,travel,45.3,0,1,1,0.0315,0
60.64,19,online_retail,4.8,0,0,1,0.0805,0
42.73,15,atm,204.4,1,1,0,0.614,1
116.9,12,electronics,17.8,2,0,1,0.0897,0
28.57,7,online_retail,0.0,1,0,1,0.1235,0
32.2,18,grocery,10.9,1,0,1,0.1075,0
4.66,18,online_retail,3.7,0,0,1,0.2159,0
89.07,4,travel,311.8,6,0,0,0.9693,1
12.67,16,grocery,19.9,2,0,0,0.1048,0
136.81,9,restaurant,0.2,0,0,0,0.1587,0
40.47,9,restaurant,6.3,2,0,1,0.198,0
36.66,17,grocery,8.9,0,0,1,0.1167,0
73.82,11,grocery,29.1,1,0,0,0.085,0
51.35,13,grocery,3.0,0,0,1,0.0752,0
168.76,9,grocery,19.7,0,0,1,0.1085,0
62.93,15,travel,172.7,4,1,0,0.9677,1
67.24,17,restaurant,4.6,1,0,0,0.118,0
9.82,14,fuel,2.5,0,0,1,0.0753,0
72.37,19,fuel,2.0,2,0,1,0.0892,0
29.57,16,online_retail,32.5,1,0,1,0.086,0
52.64,9,atm,0.4,1,0,1,0.0949,0
284.35,12,atm,65.9,5,0,0,0.9536,1
84.41,15,restaurant,1.5,2,0,0,0.0763,1
21.8,10,fuel,17.4,0,0,1,0.0781,0
16.89,22,grocery,23.1,1,1,1,0.0916,0
18.23,19,fuel,10.4,1,0,1,0.1084,1
64.14,22,grocery,8.2,3,0,1,0.0637,0
255.14,7,restaurant,3.4,3,0,1,0.0822,0
30.55,22,grocery,1.1,2,0,1,0.0775,0
102.08,13,travel,0.9,1,0,0,0.0793,0
32.51,12,online_retail,5.0,8,0,1,0.882,0
61.77,15,fuel,16.1,2,0,1,0.0933,0
15.88,19,grocery,9.2,1,0,1,0.1731,0
235.75,11,restaurant,5.1,2,1,0,0.0715,0
125.21,17,online_retail,10.3,2,0,1,0.0842,0
39.05,9,online_retail,1.4,0,1,1,0.179,0
22.08,10,restaurant,24.9,3,0,0,0.0729,0
10.59,20,restaurant,3.7,3,0,1,0.0882,0
26.49,11,online_retail,7.3,1,0,1,0.116,0
78.8,16,grocery,15.8,2,0,1,0.0831,0
66.61,10,fuel,0.0,0,0,1,0.0509,0
28.75,7,grocery,11.1,0,0,1,0.1542,0
24.71,20,restaurant,4.3,1,0,1,0.1189,0
28.96,18,fuel,2.6,1,0,1,0.1081,0
73.29,22,online_retail,4.8,1,0,0,0.0697,0
8.71,20,grocery,24.0,1,0,0,0.1454,0
27.57,12,online_retail,2.6,3,0,1,0.1298,0
42.25,21,grocery,63.0,1,0,1,0.0482,0
29.43,11,online_retail,3.9,1,1,1,0.1137,0
85.07,8,atm,15.0,1,0,1,0.0532,0
609.56,12,jewelry,9.7,3,0,0,0.245,1
180.25,17,atm,21.4,1,1,1,0.0923,0
50.23,19,fuel,0.4,0,0,0,0.0645,0
15.0,12,fuel,2.2,2,0,0,0.104,0
7.12,22,electronics,6.3,1,0,1,0.1777,0
323.77,22,grocery,56.7,1,0,0,0.5464,0
66.45,20,restaurant,46.8,0,0,0,0.028,0
35.83,11,fuel,6.0,2,0,1,0.1066,0
55.87,12,restaurant,5.6,2,0,1,0.0955,0
33.03,9,restaurant,1.4,1,0,0,0.2403,0
97.52,14,grocery,2.2,0,0,1,0.0754,0
28.51,21,atm,4.3,2,0,1,0.1483,0
10.05,17,restaurant,28.9,1,0,1,0.1204,0
51.23,8,electronics,48.1,0,0,0,0.0354,0
30.86,13,fuel,10.3,1,0,1,0.1048,0
5.32,15,fuel,21.7,1,0,1,0.1591,0
114.32,22,grocery,12.4,1,0,0,0.114,0
228.03,22,grocery,12.3,3,0,1,0.2256,0
56.17,18,restaurant,17.3,3,0,1,0.0796,0
24.39,22,grocery,2.6,2,0,0,0.0737,0
28.46,19,fuel,2.0,3,0,1,0.1057,0
49.98,22,grocery,8.6,3,0,1,0.1251,0
12.77,9,grocery,2.5,2,0,1,0.1449,0
8.04,20,restaurant,4.3,2,0,1,0.0976,0
55.48,10,online_retail,4.0,2,0,1,0.0954,0
45.85,19,restaurant,3.4,1,0,1,0.1361,0
48.61,9,online_retail,1.3,0,0,1,0.2381,0
61.3,18,restaurant,17.6,2,0,1,0.0796,0
17.49,19,online_retail,2.2,3,0,1,0.092,0
185.95,18,online_retail,44.3,1,0,1,0.0365,0
29.58,18,restaurant,0.3,2,0,0,0.0749,0
31.23,13,grocery,3.1,2,0,0,0.1011,0
61.66,20,restaurant,2.6,1,0,1,0.1005,0
18.01,10,grocery,8.0,1,0,1,0.073,0
97.98,13,grocery,4.0,0,0,0,0.0726,0
70.01,22,atm,9.7,2,0,0,0.0723,0
996.08,12,travel,646.9,6,1,1,0.9682,1
267.78,12,electronics,12.0,5,0,1,0.857,1
51.8,19,electronics,36.2,1,0,1,0.0586,0
49.6,17,grocery,3.5,4,0,1,0.1427,0
86.48,13,grocery,1.2,1,1,0,0.1178,0
10.22,11,grocery,9.8,0,0,1,0.0668,0
13.12,17,restaurant,9.6,1,0,0,0.0798,0
174.17,0,atm,152.7,5,0,1,0.9693,1
6.42,11,grocery,36.5,1,0,1,0.1272,0
18.78,7,grocery,40.4,4,0,0,0.0989,0
217.49,12,grocery,1.0,3,0,1,0.0772,0
242.36,7,grocery,84.9,1,0,1,0.3469,0
40.29,21,online_retail,11.2,1,0,1,0.124,0
30.93,7,online_retail,10.5,0,0,1,0.131,0
527.85,17,restaurant,1.8,1,1,1,0.0806,0
48.43,14,online_retail,8.2,1,0,1,0.2149,0
31.92,21,jewelry,2.3,1,0,1,0.1024,0
67.19,22,electronics,14.9,1,0,1,0.1066,0
603.74,2,atm,122.1,4,0,0,0.9699,1
62.42,21,online_retail,1.3,1,0,1,0.0967,0
81.65,17,grocery,46.3,2,0,1,0.0378,0
12.96,8,online_retail,12.9,2,0,0,0.076,0
10.57,22,restaurant,0.1,0,0,1,0.0655,0
5.07,16,grocery,5.3,1,0,1,0.3038,0
31.18,16,grocery,1.3,2,0,1,0.1223,0
46.78,12,online_retail,9.7,1,0,0,0.0703,0
111.99,13,online_retail,2.7,2,0,1,0.0716,0
18.81,10,grocery,1.5,3,0,1,0.1851,0
65.41,22,restaurant,21.1,2,0,1,0.0628,0
39.22,21,grocery,1.4,1,0,1,0.1087,0
109.42,16,jewelry,89.8,0,0,1,0.8735,0
15.18,8,online_retail,5.4,3,0,0,0.1717,0
70.8,17,grocery,30.0,2,0,1,0.1781,0
41.17,13,restaurant,8.5,2,0,0,0.0913,0
34.6,13,online_retail,21.0,2,0,1,0.1574,0
88.91,9,fuel,44.1,2,0,1,0.0194,0
59.44,14,fuel,2.8,2,0,1,0.0887,0
7.61,10,grocery,13.8,2,0,1,0.0689,0
16.9,21,online_retail,2.4,2,0,1,0.0848,0
16.28,14,atm,7.9,2,0,1,0.0865,0
62.09,21,grocery,30.0,2,0,1,0.054,0
47.03,7,electronics,7.9,0,0,0,0.2677,0
43.69,21,grocery,17.8,2,0,0,0.0731,0
116.71,8,online_retail,30.5,2,0,0,0.0388,0
27.69,15,grocery,8.0,3,0,1,0.0982,0
60.98,16,restaurant,29.2,2,0,1,0.1504,0
10.74,19,online_retail,7.2,2,0,1,0.0762,0
52.06,8,grocery,25.5,3,0,1,0.0425,0
14.77,18,electronics,8.3,3,0,1,0.0899,0
12.05,18,fuel,0.1,2,0,1,0.0589,0
6.88,21,restaurant,6.2,1,0,1,0.1687,0
33.65,21,fuel,8.6,2,0,1,0.1592,0
21.51,14,restaurant,4.5,2,0,1,0.1085,0
25.34,8,grocery,25.0,3,0,1,0.0681,0
307.85,14,grocery,4.3,0,0,1,0.0777,0
207.31,15,restaurant,7.0,0,0,1,0.0971,0
118.62,3,electronics,521.6,7,0,0,0.9693,0
75.2,7,atm,5.9,1,0,0,0.0864,0
26.61,20,electronics,16.0,1,0,1,0.1176,0
9.15,13,electronics,14.1,2,0,1,0.0796,0
77.12,14,grocery,10.5,0,0,1,0.0873,0
8.71,21,restaurant,16.8,0,0,1,0.1027,0
100.17,2,jewelry,137.5,6,1,0,0.9693,1
50.85,13,electronics,6.9,1,0,1,0.114,0
58.6,14,restaurant,6.2,3,0,1,0.0944,0
164.38,20,grocery,3.4,1,0,1,0.0942,0
63.42,7,grocery,0.7,1,0,1,0.106,0
18.55,11,grocery,23.8,2,0,0,0.1079,0
48.54,8,online_retail,17.3,5,0,1,0.5569,0
83.24,15,fuel,7.7,3,0,1,0.0765,0
57.6,7,grocery,12.7,0,0,0,0.1199,0
42.71,16,fuel,30.2,2,0,0,0.1659,0
90.21,9,grocery,4.6,2,0,1,0.1813,0
12.28,12,online_retail,6.2,1,0,1,0.0943,0
37.85,9,restaurant,2.5,1,0,0,0.2134,0
148.19,14,online_retail,0.1,1,0,1,0.0583,0
139.87,14,fuel,5.9,2,0,0,0.1092,0
67.04,17,restaurant,18.5,2,0,1,0.0881,0
13.82,7,fuel,39.2,1,0,1,0.0249,0
44.16,18,restaurant,0.7,1,0,0,0.105,0
45.54,22,online_retail,7.8,1,0,1,0.0642,0
41.53,19,online_retail,5.5,1,0,0,0.1144,0
80.62,13,atm,61.1,3,0,1,0.2851,0
41.76,9,grocery,48.8,0,0,0,0.0419,0
62.73,11,grocery,11.5,2,0,0,0.0799,0
184.11,19,restaurant,14.8,1,0,1,0.1369,0
70.68,15,grocery,15.4,3,0,1,0.0992,0
45.69,15,grocery,4.4,1,0,1,0.1153,0
73.19,18,fuel,3.7,0,0,1,0.085,0
4.82,11,fuel,8.9,1,0,1,0.2497,0
27.57,20,grocery,20.8,3,0,1,0.2284,0
9.21,18,grocery,0.9,1,0,1,0.085,0
50.99,7,restaurant,3.3,3,0,1,0.1025,0
52.42,17,grocery,18.5,2,0,1,0.0883,0
95.08,19,grocery,6.9,0,0,1,0.0873,0
48.26,12,jewelry,14.9,1,0,0,0.2168,0
9.11,9,fuel,6.7,2,0,1,0.1271,0
21.33,7,restaurant,4.1,1,1,1,0.1232,0
168.9,12,restaurant,8.1,0,0,0,0.0797,0
24.34,11,restaurant,19.5,0,0,0,0.1101,0
42.27,13,online_retail,25.4,2,0,1,0.163,0
416.26,4,online_retail,298.1,10,0,1,0.9693,1
33.79,20,online_retail,5.0,1,0,1,0.1144,0
42.49,14,restaurant,10.3,0,0,1,0.1592,0
172.24,11,restaurant,38.0,1,0,1,0.1321,0
53.58,9,atm,2.1,1,0,1,0.1733,0
28.9,9,fuel,16.4,0,0,1,0.1491,0
46.56,16,grocery,14.6,2,0,1,0.1135,0
70.6,10,online_retail,0.4,0,0,1,0.0477,0
19.45,17,atm,7.5,0,0,0,0.143,0
37.96,18,online_retail,0.6,1,0,0,0.0661,0
4.3,18,fuel,11.3,2,0,0,0.0866,0
44.78,14,grocery,12.9,1,0,1,0.1188,0
10.79,12,fuel,6.7,3,1,1,0.0714,0
9.69,21,restaurant,2.9,1,0,1,0.0814,0
28.16,8,restaurant,36.5,1,0,1,0.1721,0
70.95,17,restaurant,6.7,3,1,1,0.0944,0
145.08,19,fuel,6.9,3,0,0,0.1007,0
30.03,8,online_retail,19.4,3,0,1,0.08,0
34.9,18,electronics,6.9,2,0,0,0.1247,0
31.17,16,electronics,10.3,4,0,0,0.0851,0
100.62,19,fuel,8.7,3,0,0,0.1031,0
7.05,7,grocery,29.9,1,0,1,0.0581,0
147.09,14,fuel,13.5,1,0,1,0.0794,0
24.73,22,electronics,18.7,1,0,0,0.1514,0
18.09,11,atm,4.7,2,0,0,0.1131,0
46.76,21,grocery,2.0,2,0,1,0.0898,0
7.89,18,atm,47.4,1,0,1,0.0367,0
24.3,21,grocery,3.4,2,0,1,0.1637,0
53.62,21,grocery,0.5,0,1,1,0.2138,0
29.84,20,restaurant,19.7,1,0,0,0.1502,0
49.95,14,restaurant,12.1,1,0,1,0.0896,0
27.69,21,online_retail,11.6,1,0,0,0.1129,0
15.06,9,grocery,0.4,0,0,0,0.1114,0
127.14,19,restaurant,16.4,0,0,1,0.0999,0
4.34,17,restaurant,23.9,2,0,1,0.0922,0
127.5,13,online_retail,3.7,1,0,0,0.082,0
15.46,14,atm,2.7,0,0,0,0.0964,0
255.89,13,grocery,8.3,2,0,1,0.0771,0
19.31,17,grocery,7.2,2,0,1,0.121,0
69.14,10,online_retail,7.4,2,0,1,0.0713,0
19.25,16,fuel,18.1,0,0,0,0.1238,0
172.96,21,online_retail,7.1,5,0,0,0.8787,0
36.3,12,fuel,0.6,3,0,1,0.0664,0
123.11,18,atm,46.2,0,0,0,0.0342,0
61.1,22,online_retail,4.2,2,0,1,0.0731,0
191.87,21,atm,3.3,3,0,1,0.2036,0
85.65,15,restaurant,11.0,2,0,1,0.0902,0
11.22,14,restaurant,16.8,1,0,1,0.1049,0
282.25,16,atm,12.7,4,0,1,0.256,0
39.35,11,travel,1.6,0,0,1,0.1053,0
39.49,9,travel,17.0,2,1,1,0.0658,0
32.24,21,grocery,9.2,3,0,1,0.1878,0
6.67,9,fuel,7.9,3,0,0,0.1704,0
42.01,16,restaurant,4.9,0,0,1,0.14,0
86.56,11,online_retail,41.1,3,1,1,0.024,0
54.24,19,grocery,12.4,1,0,1,0.082,0
10.43,22,restaurant,2.6,0,0,0,0.0557,0
411.52,1,electronics,244.6,4,1,0,0.9699,1
65.43,15,restaurant,4.8,3,0,0,0.0959,0
29.23,16,online_retail,5.4,3,0,1,0.1061,0
36.14,22,grocery,5.3,0,0,1,0.0774,0
11.12,21,restaurant,40.6,2,0,0,0.0287,0
132.57,16,travel,6.5,3,0,1,0.1843,0
338.17,11,atm,9.6,1,0,1,0.1992,0
62.53,9,restaurant,6.6,3,0,1,0.1587,0
52.19,16,online_retail,2.6,2,0,1,0.0775,0
42.35,11,fuel,29.4,1,0,0,0.0963,0
235.01,9,grocery,2.4,1,0,1,0.1167,0
58.23,18,grocery,0.1,1,0,1,0.06,0
16.35,15,grocery,9.3,1,0,1,0.0919,0
7.05,10,fuel,2.3,1,0,0,0.0814,0
52.25,12,atm,16.6,2,0,1,0.0801,0
81.83,17,atm,2.9,1,0,1,0.1002,0
31.42,12,online_retail,8.6,0,0,0,0.0878,0
21.94,14,restaurant,13.0,1,0,1,0.0967,0
44.51,20,grocery,2.1,3,0,1,0.1212,0
15.29,10,fuel,6.6,0,0,1,0.0821,0
13.66,19,fuel,10.2,3,0,0,0.0816,0
46.91,17,restaurant,3.3,2,0,1,0.1409,0
5.91,17,grocery,9.1,1,0,1,0.398,0
7.39,18,grocery,25.2,0,0,0,0.1215,0
8.66,8,grocery,0.3,0,0,1,0.1247,0
13.96,15,electronics,0.7,0,0,1,0.084,1
177.98,4,travel,17.5,7,1,1,0.9692,1
61.08,21,restaurant,3.6,2,0,1,0.2174,0
40.88,7,grocery,0.8,2,0,1,0.1904,0
17.21,13,grocery,1.5,1,0,0,0.1008,0
42.21,18,online_retail,26.1,0,0,1,0.2122,0
9.47,17,electronics,0.5,1,0,1,0.0629,0
58.28,13,atm,13.5,1,0,0,0.0786,0
25.1,18,grocery,26.3,3,0,1,0.1344,0
51.79,9,atm,35.9,2,0,1,0.0386,0
73.51,11,grocery,4.5,2,0,0,0.1487,0
78.19,10,grocery,47.9,1,0,1,0.0224,0
8.63,19,fuel,17.4,2,0,1,0.0875,0
21.85,15,travel,4.6,0,0,0,0.0951,0
92.31,19,restaurant,58.5,1,0,0,0.0556,0
6.71,8,atm,15.9,0,0,1,0.1094,0
22.08,11,grocery,0.1,1,0,1,0.0772,0
9.41,17,fuel,3.6,1,0,0,0.085,0
258.28,15,online_retail,29.0,5,1,1,0.8896,1
33.7,7,restaurant,10.1,1,0,1,0.0818,0
18.24,16,online_retail,1.4,1,0,1,0.1402,0
16.36,12,grocery,20.7,1,1,1,0.1475,0
162.57,19,restaurant,13.3,3,0,0,0.1441,0
37.21,16,restaurant,5.7,1,0,1,0.1149,0
46.08,7,fuel,22.4,2,0,0,0.0519,0
9.33,12,grocery,16.4,1,0,1,0.0898,0
20.04,9,electronics,3.8,2,0,1,0.204,0
151.94,13,fuel,2.5,3,0,1,0.0903,0
81.29,14,grocery,4.5,3,0,1,0.1063,0
32.31,22,restaurant,28.1,2,0,0,0.0661,0
25.45,8,restaurant,0.5,2,0,1,0.0936,0
26.19,8,grocery,17.9,2,0,0,0.0766,0
33.57,17,fuel,4.8,3,0,1,0.1082,0
33.11,22,restaurant,1.6,1,0,0,0.0722,0
109.69,21,online_retail,7.4,1,0,0,0.0861,0
7.85,16,atm,1.5,0,0,1,0.0761,0
5.61,20,restaurant,19.8,3,0,0,0.0736,0
35.81,18,online_retail,5.9,2,0,1,0.0979,0
43.47,12,fuel,1.9,1,0,1,0.1179,0
14.58,16,restaurant,17.3,2,0,1,0.088,0
26.75,19,online_retail,38.7,0,1,1,0.0474,0
16.26,16,fuel,10.6,1,0,1,0.1008,0
21.78,13,grocery,3.7,0,0,1,0.0987,0
15.61,13,fuel,1.8,2,1,1,0.0868,0
121.12,14,fuel,6.8,3,0,1,0.0857,0
44.38,22,online_retail,11.2,0,0,1,0.0881,0
101.81,16,grocery,3.8,2,0,1,0.0846,0
12.22,12,online_retail,6.4,2,0,1,0.0888,0
72.74,20,grocery,3.0,1,0,0,0.1005,0
18.61,13,restaurant,9.3,1,0,1,0.096,0
27.63,21,restaurant,39.2,2,0,0,0.0287,0
75.57,13,travel,8.7,0,0,1,0.0844,0
14.95,16,restaurant,2.7,1,0,1,0.1269,0
47.59,21,atm,0.4,2,0,1,0.0635,0
23.13,12,travel,11.1,2,0,1,0.0979,0
41.28,12,fuel,19.3,1,0,0,0.1255,0
30.34,8,grocery,2.2,1,0,1,0.1621,0
21.11,9,fuel,3.4,4,0,1,0.1379,0
155.22,15,jewelry,421.5,4,0,0,0.9677,1
149.52,18,grocery,2.9,2,0,1,0.0853,0
159.3,15,fuel,8.6,1,0,1,0.0977,0
131.07,11,online_retail,14.7,0,0,1,0.0967,0
234.72,20,online_retail,7.8,1,0,1,0.0695,0
283.46,22,electronics,77.7,5,0,1,0.9594,0
38.48,20,grocery,0.3,0,0,1,0.0704,0
64.61,21,fuel,23.1,0,0,1,0.0535,0
89.7,22,grocery,7.2,1,0,1,0.0801,0
22.87,12,electronics,2.7,2,0,1,0.137,0
37.32,19,online_retail,16.9,1,0,1,0.1297,0
31.2,11,electronics,28.4,3,0,1,0.1068,0
19.02,20,grocery,3.5,0,0,1,0.2329,0
23.15,20,fuel,14.8,2,0,1,0.0999,0
65.54,21,fuel,13.7,3,0,1,0.0978,0
42.74,15,electronics,7.8,0,0,1,0.1133,0
50.89,17,electronics,8.5,1,0,1,0.104,0
10.67,10,restaurant,3.2,4,0,1,0.0664,0
56.99,11,electronics,1.6,0,0,1,0.1072,0
10.08,16,travel,10.8,1,0,1,0.0708,0
11.45,22,electronics,6.7,2,0,1,0.1045,0
86.23,10,grocery,1.4,3,0,1,0.0585,0
106.35,11,online_retail,1.3,3,0,1,0.0749,0
14.18,13,fuel,4.3,3,0,1,0.119,0
21.28,15,grocery,27.9,1,0,1,0.1567,0
8.57,7,restaurant,15.5,3,0,1,0.0613,0
25.65,15,atm,18.7,1,0,0,0.1133,0
32.81,10,online_retail,4.0,0,0,1,0.0753,0
10.98,7,grocery,3.6,3,0,1,0.1031,0
741.53,12,grocery,10.5,3,0,0,0.1744,0
100.09,14,grocery,10.4,0,0,1,0.0803,0
27.8,14,fuel,2.6,1,0,1,0.1074,0
28.7,8,fuel,1.6,1,0,0,0.193,0
24.94,21,fuel,6.3,2,0,1,0.1818,0
244.74,18,restaurant,7.0,1,0,0,0.0733,0
118.63,11,fuel,22.0,2,0,1,0.0687,0
139.08,19,fuel,47.0,2,0,0,0.0435,0
243.34,22,atm,39.9,1,0,0,0.1138,1
205.17,10,restaurant,0.3,2,0,1,0.045,0
31.79,1,atm,81.6,6,1,0,0.9345,0
27.75,9,grocery,5.0,5,0,1,0.062,0
68.98,19,restaurant,14.1,2,0,0,0.1275,0
27.36,10,online_retail,4.8,0,0,0,0.0832,0
26.17,8,restaurant,19.9,1,0,1,0.1018,0
3.71,7,grocery,4.5,2,0,1,0.2704,0
13.03,14,online_retail,0.0,4,0,1,0.0903,0
13.95,9,electronics,9.9,3,0,1,0.0852,0
9.09,13,grocery,12.2,2,0,0,0.0745,0
125.64,17,grocery,18.5,1,0,1,0.1019,0
243.71,11,travel,3.7,2,0,0,0.0961,0
53.16,7,grocery,20.9,4,0,1,0.08,0
90.5,14,atm,0.3,2,0,1,0.0505,0
195.41,22,grocery,4.4,1,0,0,0.309,0
69.32,13,fuel,6.8,0,0,0,0.0968,0
256.77,16,fuel,14.1,0,0,1,0.0794,0
26.48,20,fuel,11.9,4,1,1,0.0743,0
192.1,23,electronics,91.7,7,1,0,0.9697,1
175.99,8,restaurant,5.8,1,0,1,0.1085,0
129.49,20,restaurant,0.5,0,0,1,0.0605,0
10.75,7,grocery,29.5,2,0,1,0.0521,0
24.15,21,restaurant,18.6,1,0,0,0.0786,0
33.7,15,fuel,21.0,2,0,1,0.1954,0
67.6,22,travel,9.7,6,1,0,0.705,1
8.33,7,fuel,6.7,0,0,1,0.1041,0
23.89,21,grocery,11.4,1,0,1,0.1602,0
111.48,9,atm,2.4,1,0,1,0.127,0
31.56,21,grocery,5.4,1,0,1,0.1996,0
5.53,11,grocery,1.5,1,0,1,0.1764,0
114.42,7,fuel,1.0,0,0,1,0.0638,0
76.4,10,restaurant,2.3,3,0,1,0.1048,0
9.91,9,grocery,14.6,3,0,1,0.0796,0
39.8,20,grocery,1.1,1,0,0,0.1042,0
13.95,20,grocery,19.6,0,0,1,0.1233,0
3.1,20,fuel,11.0,1,0,0,0.0879,0
39.44,19,online_retail,55.3,0,0,1,0.1436,0
15.04,12,grocery,15.5,1,0,1,0.1109,0
10.21,16,atm,0.1,1,0,1,0.0568,0
7.48,19,restaurant,15.9,1,0,1,0.1034,0
33.49,17,atm,18.7,3,0,1,0.0996,0
725.08,2,electronics,243.4,11,0,0,0.9693,1
8.5,19,travel,2.3,2,0,1,0.0882,0
33.09,10,atm,9.3,2,0,1,0.0681,0
225.85,9,electronics,19.8,1,0,1,0.1115,0
89.91,16,electronics,2.2,2,0,0,0.0846,0
4.14,9,restaurant,5.2,1,0,1,0.168,0
18.92,10,fuel,3.1,1,0,1,0.101,0
48.92,11,fuel,10.7,0,0,1,0.1891,0
73.08,15,restaurant,12.8,1,0,1,0.0986,0
58.01,21,grocery,5.2,3,0,1,0.1807,0
65.39,8,online_retail,4.5,3,0,1,0.159,0
11.62,15,electronics,25.5,2,0,0,0.1281,0
18.61,21,restaurant,3.4,2,0,1,0.1628,0
75.48,18,restaurant,2.6,1,0,1,0.0912,0
39.24,14,electronics,4.3,2,0,1,0.1077,0
111.09,19,jewelry,27.9,1,0,1,0.1042,0
25.9,8,grocery,11.0,0,0,1,0.1542,0
23.89,21,atm,16.0,0,0,0,0.0786,0
88.73,12,atm,170.1,3,0,0,0.9663,1
100.6,8,grocery,12.9,1,0,0,0.052,0
36.28,11,online_retail,1.2,2,0,1,0.2291,0
95.73,14,grocery,5.2,1,0,1,0.0983,0
18.85,9,online_retail,14.0,2,0,0,0.0756,0
9.98,12,fuel,16.1,0,0,1,0.0876,0
38.42,17,electronics,3.2,1,0,1,0.1151,0
111.49,11,online_retail,1.3,2,0,1,0.0749,0
81.55,16,grocery,1.1,6,0,0,0.1424,0
50.66,20,fuel,36.6,0,0,1,0.0517,0
27.41,14,online_retail,1.8,3,1,0,0.0869,0
89.31,9,travel,4.7,0,0,0,0.1541,0
19.66,9,travel,3.5,2,1,1,0.1786,0
50.8,19,fuel,4.8,2,0,1,0.129,0
192.17,13,grocery,9.0,1,0,1,0.0823,0
105.24,4,travel,140.9,4,1,0,0.9699,1
93.03,12,grocery,28.0,1,0,1,0.0909,0
17.56,18,restaurant,11.9,1,0,1,0.093,0
197.48,15,grocery,1.9,1,0,0,0.0869,0
830.09,13,grocery,7.2,2,0,1,0.1738,0
166.46,10,restaurant,5.8,1,0,0,0.0719,0
58.19,18,grocery,5.5,1,0,1,0.0921,0
207.68,12,fuel,20.3,3,0,0,0.0952,0
4.1,10,restaurant,3.3,1,0,1,0.1199,0
116.14,12,electronics,3.3,2,0,1,0.1038,0
9.13,19,jewelry,9.3,1,1,1,0.0641,0
10.69,13,online_retail,9.4,2,0,1,0.065,0
50.65,21,online_retail,20.2,0,0,1,0.077,0
8.92,12,grocery,17.1,1,0,1,0.1349,0
31.25,7,restaurant,10.1,1,0,1,0.0888,0
115.22,15,restaurant,29.5,2,0,0,0.264,0
77.31,17,fuel,12.5,2,0,1,0.0918,0
340.26,21,online_retail,38.2,6,0,0,0.9343,0
12.66,20,electronics,22.2,1,0,1,0.1639,0
122.19,11,grocery,17.2,3,0,1,0.0608,0
8.18,16,restaurant,20.1,1,0,1,0.1859,0
25.97,17,restaurant,5.2,0,1,1,0.1043,0
34.02,19,grocery,5.6,0,0,1,0.1097,0
298.68,20,grocery,9.3,0,0,1,0.0684,0
8.85,8,grocery,2.7,1,0,1,0.1499,0
120.49,11,online_retail,1.4,1,0,1,0.0857,0
11.89,20,jewelry,2.0,3,0,0,0.0922,0
21.66,7,online_retail,32.9,5,1,1,0.2024,0
45.8,19,atm,13.0,0,0,1,0.1051,0
66.26,8,grocery,10.7,1,0,0,0.0697,0
162.96,3,jewelry,21.3,3,0,0,0.8415,1
52.66,7,atm,20.2,2,0,1,0.0395,0
32.83,7,online_retail,11.8,0,0,1,0.1139,0
83.19,10,fuel,16.7,3,0,1,0.0525,0
14.69,12,grocery,3.7,1,0,1,0.1104,0
129.31,16,grocery,0.7,0,0,1,0.0762,0
16.81,13,grocery,11.6,3,0,1,0.0945,0
59.56,14,restaurant,0.8,2,0,1,0.1081,0
63.57,16,atm,10.3,1,0,1,0.0842,0
10.32,17,restaurant,9.3,3,0,0,0.0669,0
81.66,7,fuel,3.5,1,0,1,0.1147,0
54.59,17,travel,8.4,0,0,1,0.0857,0
20.57,9,online_retail,1.8,0,0,0,0.1789,0
33.72,11,grocery,12.9,4,0,1,0.0696,0
72.13,10,restaurant,4.7,3,0,1,0.0985,0
37.13,14,travel,16.7,2,0,1,0.092,0
60.93,11,travel,41.3,1,0,1,0.0272,0
341.93,16,grocery,16.2,4,0,1,0.1438,0
168.32,18,restaurant,10.6,1,0,0,0.0896,0
36.68,9,restaurant,5.8,2,0,0,0.1726,0
22.09,7,fuel,12.4,1,0,1,0.0844,0
32.06,9,grocery,18.0,2,0,1,0.0705,0
40.95,18,grocery,0.6,1,0,1,0.0733,0
64.29,11,grocery,2.2,2,0,1,0.1155,0
67.33,19,electronics,18.1,1,0,1,0.0977,0
24.72,14,restaurant,28.2,2,0,1,0.122,0
20.47,7,online_retail,3.3,0,0,1,0.1678,0
71.77,18,restaurant,28.8,1,1,0,0.2738,0
49.24,17,fuel,3.8,3,0,1,0.1228,1
11.03,11,grocery,2.8,5,0,1,0.043,0
4.21,8,restaurant,34.8,1,0,0,0.0523,0
36.39,13,online_retail,4.5,5,1,0,0.232,0
35.88,11,restaurant,33.2,3,0,1,0.0881,0
69.92,17,online_retail,14.6,0,0,0,0.1654,0
25.62,9,online_retail,1.3,1,0,1,0.2178,0
18.17,13,atm,8.8,4,0,0,0.0838,0
18.11,22,online_retail,4.6,2,0,1,0.0645,0
16.1,8,travel,32.1,2,0,1,0.051,0
21.67,16,fuel,17.0,1,0,1,0.1133,0
57.47,14,atm,9.8,3,0,1,0.0764,0
25.98,14,electronics,18.6,2,0,1,0.1203,0
38.24,21,grocery,13.5,2,0,1,0.1002,0
31.53,17,atm,19.2,1,0,0,0.1502,0
65.64,11,grocery,1.5,3,0,1,0.2634,0
62.77,9,restaurant,8.1,1,0,1,0.1176,0
175.67,7,fuel,5.6,0,0,0,0.098,0
5.31,21,travel,13.4,0,0,1,0.0717,0
40.49,20,fuel,7.4,2,0,1,0.119,0
110.95,13,grocery,1.1,1,0,1,0.0802,0
57.25,16,grocery,0.9,1,0,1,0.1273,0
8.07,19,jewelry,5.5,2,0,1,0.092,0
29.29,16,grocery,0.2,1,0,1,0.0785,0
55.05,15,atm,4.2,3,0,1,0.1073,0
39.9,9,restaurant,4.9,1,0,1,0.2088,0
20.16,22,restaurant,8.9,0,0,1,0.102,0
22.61,13,atm,21.5,3,0,0,0.2589,0
33.94,20,electronics,7.8,3,0,1,0.1862,0
62.17,9,grocery,0.9,0,0,0,0.2076,0
44.82,7,grocery,2.3,0,0,1,0.2714,0
117.55,11,restaurant,11.6,1,0,1,0.0785,0
150.73,11,electronics,17.3,2,0,1,0.0923,0
58.11,9,grocery,31.2,1,0,0,0.0423,0
34.57,16,online_retail,5.9,3,0,1,0.0979,0
20.44,16,fuel,1.0,0,0,1,0.3318,0
121.19,21,atm,2.5,3,0,1,0.0902,0
11.8,20,restaurant,16.6,2,0,0,0.0915,0
32.24,16,restaurant,4.1,1,0,1,0.1447,0
12.62,8,restaurant,5.1,2,0,0,0.168,0
20.58,14,travel,0.3,1,0,1,0.138,0
46.58,18,atm,75.2,0,0,1,0.7424,0
73.52,12,grocery,26.1,1,0,0,0.1052,0
21.53,18,fuel,7.8,2,0,0,0.1716,0
55.72,11,travel,6.0,2,0,1,0.1021,0
69.22,15,restaurant,45.0,0,0,1,0.0397,0
153.17,22,grocery,0.7,4,0,1,0.336,0
71.95,13,atm,25.4,1,0,1,0.1041,0
238.67,7,online_retail,8.9,2,0,1,0.0919,0
15.42,12,restaurant,6.6,3,0,1,0.1058,0
447.88,22,online_retail,55.7,5,1,1,0.936,1
31.58,9,electronics,0.2,1,0,1,0.0953,0
66.86,12,travel,41.8,8,0,1,0.9409,1
239.27,8,grocery,0.5,0,0,1,0.0638,0
8.04,10,online_retail,5.6,1,0,1,0.0784,0
5.33,19,restaurant,5.2,1,0,1,0.2567,0
610.01,9,grocery,13.8,1,0,1,0.1526,0
13.42,11,restaurant,0.9,2,0,1,0.0771,0
84.18,22,travel,24.1,0,0,1,0.0731,0
148.39,21,grocery,43.8,1,0,1,0.0362,0
82.81,11,fuel,18.1,3,0,0,0.0704,0
36.56,11,travel,0.3,0,0,1,0.0666,0
40.99,14,electronics,37.3,1,0,1,0.2222,0
124.35,14,atm,29.2,2,0,1,0.1125,0
14.43,15,atm,17.2,2,0,1,0.088,0
33.04,19,restaurant,4.5,1,0,1,0.1036,0
24.4,19,grocery,0.4,0,0,1,0.0759,0
35.02,8,grocery,13.6,1,0,0,0.0777,0
17.38,16,online_retail,2.8,2,0,1,0.0886,0
215.25,7,restaurant,5.2,2,0,1,0.096,0
25.34,9,atm,4.9,1,0,0,0.1561,0
8.47,14,fuel,3.3,3,0,1,0.0779,0
31.27,8,jewelry,3.4,0,0,1,0.1495,0
94.36,20,online_retail,29.0,0,0,0,0.1737,0
12.99,10,restaurant,3.0,3,0,1,0.0967,0
17.22,11,fuel,0.5,4,0,1,0.0529,0
12.73,17,atm,42.3,1,1,0,0.0361,0
8.93,12,restaurant,9.3,0,0,0,0.1018,0
33.91,8,online_retail,23.1,3,0,0,0.0579,0
59.33,18,fuel,15.1,1,0,1,0.0941,0
353.74,18,fuel,10.7,2,0,0,0.1602,0
81.2,14,online_retail,14.2,1,0,1,0.0987,0
33.99,15,grocery,4.3,0,0,0,0.0924,0
36.49,18,online_retail,10.7,3,0,1,0.1197,0
47.06,20,restaurant,23.9,0,1,1,0.0876,0
56.25,17,grocery,3.0,1,1,0,0.1416,0
11.01,20,grocery,0.0,2,0,0,0.0619,0
48.28,9,grocery,28.7,1,0,0,0.12,0
99.51,20,electronics,4.7,0,0,1,0.0888,0
42.86,2,travel,206.1,8,0,1,0.9639,0
55.97,17,online_retail,16.3,4,0,0,0.2694,0
12.24,8,fuel,5.5,0,0,1,0.1344,0
43.48,15,restaurant,5.4,4,0,0,0.1522,0
29.43,18,grocery,30.9,2,0,1,0.1359,0
44.79,7,atm,7.1,1,0,1,0.2715,0
53.91,11,atm,18.4,3,0,0,0.0678,0
46.55,15,restaurant,6.4,2,0,0,0.0988,0
73.69,12,restaurant,0.1,0,0,0,0.0691,0
23.76,20,grocery,10.5,3,0,1,0.1062,0
43.21,17,atm,33.5,2,0,1,0.1149,0
27.38,16,restaurant,12.8,1,0,0,0.0959,0
214.45,12,electronics,44.1,6,0,1,0.9259,1
228.41,15,atm,367.3,7,0,0,0.9682,1
120.59,8,grocery,9.8,0,0,0,0.1045,0
24.1,11,restaurant,4.6,2,0,0,0.1133,0
22.01,10,atm,0.5,3,0,1,0.0503,0
64.34,18,atm,8.1,2,0,1,0.0775,0
161.48,8,fuel,10.9,1,0,1,0.06,0
281.44,10,grocery,3.6,2,0,1,0.0589,0
118.59,13,restaurant,11.3,1,0,0,0.0835,0
